[
  {
    "body": "grant_type=password&username=decap%40p-m.si&password=12345678",
    "method": "POST",
    "url": "/.netlify/identity/token",
    "headers": {
      "Access-Control-Allow-Credentials": "true",
      "Access-Control-Allow-Origin": "*",
      "Alt-Svc": "clear",
      "Content-Length": "383",
      "Content-Type": "application/json",
      "Via": "1.1 google",
      "Age": "1",
      "Connection": "keep-alive",
      "Server": "Netlify",
      "Vary": "Origin"
    },
    "response": "{\"access_token\":\"access_token\",\"token_type\":\"bearer\",\"expires_in\":3600,\"refresh_token\":\"refresh_token\"}",
    "status": 200
  },
  {
    "method": "GET",
    "url": "/.netlify/identity/user",
    "headers": {
      "Access-Control-Allow-Credentials": "true",
      "Access-Control-Allow-Origin": "*",
      "Alt-Svc": "clear",
      "Content-Type": "application/json",
      "Via": "1.1 google",
      "Age": "0",
      "Connection": "keep-alive",
      "Server": "Netlify",
      "Vary": "Origin,Accept-Encoding",
      "content-length": "262"
    },
    "response": "{\"id\":\"38142ad6-5dd5-4ef7-b5c7-c00b05efc27f\",\"aud\":\"\",\"role\":\"\",\"email\":\"decap@p-m.si\",\"confirmed_at\":\"2020-04-12T11:07:08Z\",\"app_metadata\":{\"provider\":\"email\"},\"user_metadata\":{},\"created_at\":\"2020-04-12T11:07:08Z\",\"updated_at\":\"2020-04-12T11:07:08Z\"}",
    "status": 200
  },
  {
    "method": "GET",
    "url": "/.netlify/git/settings",
    "headers": {
      "Access-Control-Allow-Credentials": "true",
      "Access-Control-Allow-Origin": "http://localhost:8080",
      "Alt-Svc": "clear",
      "Content-Type": "application/json",
      "Via": "1.1 google",
      "Age": "0",
      "Connection": "keep-alive",
      "Server": "Netlify",
      "Vary": "Origin,Accept-Encoding",
      "content-length": "85"
    },
    "response": "{\"github_enabled\":true,\"gitlab_enabled\":false,\"bitbucket_enabled\":false,\"roles\":null}",
    "status": 200
  },
  {
    "method": "GET",
    "url": "/.netlify/git/github/branches/master",
    "headers": {
      "Access-Control-Allow-Credentials": "true",
      "Access-Control-Allow-Origin": "http://localhost:8080",
      "Access-Control-Expose-Headers": "ETag, Link, Location, Retry-After, X-GitHub-OTP, X-RateLimit-Limit, X-RateLimit-Remaining, X-RateLimit-Reset, X-OAuth-Scopes, X-Accepted-OAuth-Scopes, X-Poll-Interval, X-GitHub-Media-Type, Deprecation, Sunset",
      "Alt-Svc": "clear",
      "Cache-Control": "private, max-age=60, s-maxage=60",
      "Content-Security-Policy": "default-src 'none'",
      "Content-Type": "application/json; charset=utf-8",
      "Referrer-Policy": "origin-when-cross-origin, strict-origin-when-cross-origin",
      "Server": "Netlify",
      "Strict-Transport-Security": "max-age=31536000; includeSubdomains; preload",
      "Via": "1.1 google",
      "X-Accepted-Oauth-Scopes": "",
      "X-Content-Type-Options": "nosniff",
      "X-Frame-Options": "deny",
      "X-Github-Media-Type": "github.v3; format=json",
      "X-Oauth-Scopes": "delete_repo, repo",
      "X-Ratelimit-Limit": "5000",
      "X-Xss-Protection": "1; mode=block",
      "Age": "0",
      "Connection": "keep-alive",
      "Vary": "Origin,Accept,Authorization,Cookie,X-GitHub-OTP,Accept-Encoding,Accept,X-Requested-With",
      "content-length": "4757"
    },
    "response": "{\n  \"name\": \"master\",\n  \"commit\": {\n    \"sha\": \"51309984749e40ea466e1ac66ea634cb985d60c3\",\n    \"node_id\": \"MDY6Q29tbWl0MjU1MDYzOTU4OjUxMzA5OTg0NzQ5ZTQwZWE0NjZlMWFjNjZlYTYzNGNiOTg1ZDYwYzM=\",\n    \"commit\": {\n      \"author\": {\n        \"name\": \"owner\",\n        \"email\": \"owner@users.noreply.github.com\",\n        \"date\": \"2020-04-12T11:03:56Z\"\n      },\n      \"committer\": {\n        \"name\": \"owner\",\n        \"email\": \"owner@users.noreply.github.com\",\n        \"date\": \"2020-04-12T11:03:56Z\"\n      },\n      \"message\": \"add .lfsconfig\",\n      \"tree\": {\n        \"sha\": \"169da650c0f529c03da48d3bf59b788cf391da16\",\n        \"url\": \"https://api.github.com/repos/owner/repo/git/trees/169da650c0f529c03da48d3bf59b788cf391da16\"\n      },\n      \"url\": \"https://api.github.com/repos/owner/repo/git/commits/51309984749e40ea466e1ac66ea634cb985d60c3\",\n      \"comment_count\": 0,\n      \"verification\": {\n        \"verified\": false,\n        \"reason\": \"unsigned\",\n        \"signature\": null,\n        \"payload\": null\n      }\n    },\n    \"url\": \"https://api.github.com/repos/owner/repo/commits/51309984749e40ea466e1ac66ea634cb985d60c3\",\n    \"html_url\": \"https://github.com/owner/repo/commit/51309984749e40ea466e1ac66ea634cb985d60c3\",\n    \"comments_url\": \"https://api.github.com/repos/owner/repo/commits/51309984749e40ea466e1ac66ea634cb985d60c3/comments\",\n    \"author\": {\n      \"login\": \"owner\",\n      \"id\": 26760571,\n      \"node_id\": \"MDQ6VXNlcjI2NzYwNTcx\",\n      \"avatar_url\": \"https://avatars1.githubusercontent.com/u/7892489?v=4\",\n      \"gravatar_id\": \"\",\n      \"url\": \"https://api.github.com/users/owner\",\n      \"html_url\": \"https://github.com/owner\",\n      \"followers_url\": \"https://api.github.com/users/owner/followers\",\n      \"following_url\": \"https://api.github.com/users/owner/following{/other_user}\",\n      \"gists_url\": \"https://api.github.com/users/owner/gists{/gist_id}\",\n      \"starred_url\": \"https://api.github.com/users/owner/starred{/owner}{/repo}\",\n      \"subscriptions_url\": \"https://api.github.com/users/owner/subscriptions\",\n      \"organizations_url\": \"https://api.github.com/users/owner/orgs\",\n      \"repos_url\": \"https://api.github.com/users/owner/repos\",\n      \"events_url\": \"https://api.github.com/users/owner/events{/privacy}\",\n      \"received_events_url\": \"https://api.github.com/users/owner/received_events\",\n      \"type\": \"User\",\n      \"site_admin\": false\n    },\n    \"committer\": {\n      \"login\": \"owner\",\n      \"id\": 26760571,\n      \"node_id\": \"MDQ6VXNlcjI2NzYwNTcx\",\n      \"avatar_url\": \"https://avatars1.githubusercontent.com/u/7892489?v=4\",\n      \"gravatar_id\": \"\",\n      \"url\": \"https://api.github.com/users/owner\",\n      \"html_url\": \"https://github.com/owner\",\n      \"followers_url\": \"https://api.github.com/users/owner/followers\",\n      \"following_url\": \"https://api.github.com/users/owner/following{/other_user}\",\n      \"gists_url\": \"https://api.github.com/users/owner/gists{/gist_id}\",\n      \"starred_url\": \"https://api.github.com/users/owner/starred{/owner}{/repo}\",\n      \"subscriptions_url\": \"https://api.github.com/users/owner/subscriptions\",\n      \"organizations_url\": \"https://api.github.com/users/owner/orgs\",\n      \"repos_url\": \"https://api.github.com/users/owner/repos\",\n      \"events_url\": \"https://api.github.com/users/owner/events{/privacy}\",\n      \"received_events_url\": \"https://api.github.com/users/owner/received_events\",\n      \"type\": \"User\",\n      \"site_admin\": false\n    },\n    \"parents\": [\n      {\n        \"sha\": \"b33a2edece736f6f228c7ec28c385c57d5f890af\",\n        \"url\": \"https://api.github.com/repos/owner/repo/commits/b33a2edece736f6f228c7ec28c385c57d5f890af\",\n        \"html_url\": \"https://github.com/owner/repo/commit/b33a2edece736f6f228c7ec28c385c57d5f890af\"\n      }\n    ]\n  },\n  \"_links\": {\n    \"self\": \"https://api.github.com/repos/owner/repo/branches/master\",\n    \"html\": \"https://github.com/owner/repo/tree/master\"\n  },\n  \"protected\": false,\n  \"protection\": {\n    \"enabled\": false,\n    \"required_status_checks\": {\n      \"enforcement_level\": \"off\",\n      \"contexts\": [\n\n      ]\n    }\n  },\n  \"protection_url\": \"https://api.github.com/repos/owner/repo/branches/master/protection\"\n}\n",
    "status": 200
  },
  {
    "method": "GET",
    "url": "/.netlify/git/github/git/trees/master:static/media",
    "headers": {
      "Access-Control-Allow-Credentials": "true",
      "Access-Control-Allow-Origin": "http://localhost:8080",
      "Access-Control-Expose-Headers": "ETag, Link, Location, Retry-After, X-GitHub-OTP, X-RateLimit-Limit, X-RateLimit-Remaining, X-RateLimit-Reset, X-OAuth-Scopes, X-Accepted-OAuth-Scopes, X-Poll-Interval, X-GitHub-Media-Type, Deprecation, Sunset",
      "Alt-Svc": "clear",
      "Content-Security-Policy": "default-src 'none'",
      "Content-Type": "application/json; charset=utf-8",
      "Referrer-Policy": "origin-when-cross-origin, strict-origin-when-cross-origin",
      "Server": "Netlify",
      "Strict-Transport-Security": "max-age=31536000; includeSubdomains; preload",
      "Via": "1.1 google",
      "X-Accepted-Oauth-Scopes": "",
      "X-Content-Type-Options": "nosniff",
      "X-Frame-Options": "deny",
      "X-Github-Media-Type": "github.v3; format=json",
      "X-Oauth-Scopes": "delete_repo, repo",
      "X-Ratelimit-Limit": "5000",
      "X-Xss-Protection": "1; mode=block",
      "Age": "1",
      "Connection": "keep-alive",
      "Vary": "Origin,Accept-Encoding,Accept,X-Requested-With",
      "content-length": "109"
    },
    "response": "{\n  \"message\": \"Not Found\",\n  \"documentation_url\": \"https://developer.github.com/v3/git/trees/#get-a-tree\"\n}\n",
    "status": 404
  },
  {
    "method": "GET",
    "url": "/.netlify/git/github/git/trees/master:content/posts",
    "headers": {
      "Access-Control-Allow-Credentials": "true",
      "Access-Control-Allow-Origin": "http://localhost:8080",
      "Access-Control-Expose-Headers": "ETag, Link, Location, Retry-After, X-GitHub-OTP, X-RateLimit-Limit, X-RateLimit-Remaining, X-RateLimit-Reset, X-OAuth-Scopes, X-Accepted-OAuth-Scopes, X-Poll-Interval, X-GitHub-Media-Type, Deprecation, Sunset",
      "Alt-Svc": "clear",
      "Cache-Control": "private, max-age=60, s-maxage=60",
      "Content-Security-Policy": "default-src 'none'",
      "Content-Type": "application/json; charset=utf-8",
      "Referrer-Policy": "origin-when-cross-origin, strict-origin-when-cross-origin",
      "Server": "Netlify",
      "Strict-Transport-Security": "max-age=31536000; includeSubdomains; preload",
      "Via": "1.1 google",
      "X-Accepted-Oauth-Scopes": "",
      "X-Content-Type-Options": "nosniff",
      "X-Frame-Options": "deny",
      "X-Github-Media-Type": "github.v3; format=json",
      "X-Oauth-Scopes": "delete_repo, repo",
      "X-Ratelimit-Limit": "5000",
      "X-Xss-Protection": "1; mode=block",
      "Age": "0",
      "Connection": "keep-alive",
      "Vary": "Origin,Accept,Authorization,Cookie,X-GitHub-OTP,Accept-Encoding,Accept,X-Requested-With",
      "content-length": "2060"
    },
    "response": "{\n  \"sha\": \"34892575e216c06e757093f036bd8e057c78a52f\",\n  \"url\": \"https://api.github.com/repos/owner/repo/git/trees/34892575e216c06e757093f036bd8e057c78a52f\",\n  \"tree\": [\n    {\n      \"path\": \"2016-01-09---Perfecting-the-Art-of-Perfection.md\",\n      \"mode\": \"100644\",\n      \"type\": \"blob\",\n      \"sha\": \"6d51a38aed7139d2117724b1e307657b6ff2d043\",\n      \"size\": 1707,\n      \"url\": \"https://api.github.com/repos/owner/repo/git/blobs/6d51a38aed7139d2117724b1e307657b6ff2d043\"\n    },\n    {\n      \"path\": \"2016-01-12---The-Origins-of-Social-Stationery-Lettering.md\",\n      \"mode\": \"100644\",\n      \"type\": \"blob\",\n      \"sha\": \"d0582dd245a3f408fb3fe2333bf01400007476e9\",\n      \"size\": 2565,\n      \"url\": \"https://api.github.com/repos/owner/repo/git/blobs/d0582dd245a3f408fb3fe2333bf01400007476e9\"\n    },\n    {\n      \"path\": \"2016-02-02---A-Brief-History-of-Typography.md\",\n      \"mode\": \"100644\",\n      \"type\": \"blob\",\n      \"sha\": \"0eea554365f002d0f1572af9a58522d335a794d5\",\n      \"size\": 2786,\n      \"url\": \"https://api.github.com/repos/owner/repo/git/blobs/0eea554365f002d0f1572af9a58522d335a794d5\"\n    },\n    {\n      \"path\": \"2017-18-08---The-Birth-of-Movable-Type.md\",\n      \"mode\": \"100644\",\n      \"type\": \"blob\",\n      \"sha\": \"44f78c474d04273185a95821426f75affc9b0044\",\n      \"size\": 16071,\n      \"url\": \"https://api.github.com/repos/owner/repo/git/blobs/44f78c474d04273185a95821426f75affc9b0044\"\n    },\n    {\n      \"path\": \"2017-19-08---Humane-Typography-in-the-Digital-Age.md\",\n      \"mode\": \"100644\",\n      \"type\": \"blob\",\n      \"sha\": \"a532f0a9445cdf90a19c6812cff89d1674991774\",\n      \"size\": 7465,\n      \"url\": \"https://api.github.com/repos/owner/repo/git/blobs/a532f0a9445cdf90a19c6812cff89d1674991774\"\n    }\n  ],\n  \"truncated\": false\n}\n",
    "status": 200
  },
  {
    "method": "GET",
    "url": "/.netlify/git/github/git/blobs/6d51a38aed7139d2117724b1e307657b6ff2d043",
    "headers": {
      "Access-Control-Allow-Credentials": "true",
      "Access-Control-Allow-Origin": "http://localhost:8080",
      "Access-Control-Expose-Headers": "ETag, Link, Location, Retry-After, X-GitHub-OTP, X-RateLimit-Limit, X-RateLimit-Remaining, X-RateLimit-Reset, X-OAuth-Scopes, X-Accepted-OAuth-Scopes, X-Poll-Interval, X-GitHub-Media-Type, Deprecation, Sunset",
      "Alt-Svc": "clear",
      "Cache-Control": "private, max-age=60, s-maxage=60",
      "Content-Security-Policy": "default-src 'none'",
      "Content-Type": "application/json; charset=utf-8",
      "Referrer-Policy": "origin-when-cross-origin, strict-origin-when-cross-origin",
      "Server": "Netlify",
      "Strict-Transport-Security": "max-age=31536000; includeSubdomains; preload",
      "Via": "1.1 google",
      "X-Accepted-Oauth-Scopes": "",
      "X-Content-Type-Options": "nosniff",
      "X-Frame-Options": "deny",
      "X-Github-Media-Type": "github.v3; format=json",
      "X-Oauth-Scopes": "delete_repo, repo",
      "X-Ratelimit-Limit": "5000",
      "X-Xss-Protection": "1; mode=block",
      "Age": "0",
      "Connection": "keep-alive",
      "Vary": "Origin,Accept,Authorization,Cookie,X-GitHub-OTP,Accept-Encoding,Accept,X-Requested-With",
      "content-length": "2714"
    },
    "response": "{\n  \"sha\": \"6d51a38aed7139d2117724b1e307657b6ff2d043\",\n  \"node_id\": \"MDQ6QmxvYjI1NTA2Mzk1ODo2ZDUxYTM4YWVkNzEzOWQyMTE3NzI0YjFlMzA3NjU3YjZmZjJkMDQz\",\n  \"size\": 1707,\n  \"url\": \"https://api.github.com/repos/owner/repo/git/blobs/6d51a38aed7139d2117724b1e307657b6ff2d043\",\n  \"content\": \"LS0tCnRpdGxlOiBQZXJmZWN0aW5nIHRoZSBBcnQgb2YgUGVyZmVjdGlvbgpk\\nYXRlOiAiMjAxNi0wOS0wMVQyMzo0NjozNy4xMjFaIgp0ZW1wbGF0ZTogInBv\\nc3QiCmRyYWZ0OiBmYWxzZQpjYXRlZ29yeTogIkRlc2lnbiBJbnNwaXJhdGlv\\nbiIKdGFnczoKICAtICJIYW5kd3JpdGluZyIKICAtICJMZWFybmluZyB0byB3\\ncml0ZSIKZGVzY3JpcHRpb246ICJRdWlzcXVlIGN1cnN1cywgbWV0dXMgdml0\\nYWUgcGhhcmV0cmEgYXVjdG9yLCBzZW0gbWFzc2EgbWF0dGlzIHNlbSwgYXQg\\naW50ZXJkdW0gbWFnbmEgYXVndWUgZWdldCBkaWFtLiBWZXN0aWJ1bHVtIGFu\\ndGUgaXBzdW0gcHJpbWlzIGluIGZhdWNpYnVzIG9yY2kgbHVjdHVzIGV0IHVs\\ndHJpY2VzIHBvc3VlcmUgY3ViaWxpYSBDdXJhZTsgTW9yYmkgbGFjaW5pYSBt\\nb2xlc3RpZSBkdWkuIFByYWVzZW50IGJsYW5kaXQgZG9sb3IuIFNlZCBub24g\\ncXVhbS4gSW4gdmVsIG1pIHNpdCBhbWV0IGF1Z3VlIGNvbmd1ZSBlbGVtZW50\\ndW0uIgpjYW5vbmljYWw6ICcnCi0tLQoKUXVpc3F1ZSBjdXJzdXMsIG1ldHVz\\nIHZpdGFlIHBoYXJldHJhIGF1Y3Rvciwgc2VtIG1hc3NhIG1hdHRpcyBzZW0s\\nIGF0IGludGVyZHVtIG1hZ25hIGF1Z3VlIGVnZXQgZGlhbS4gVmVzdGlidWx1\\nbSBhbnRlIGlwc3VtIHByaW1pcyBpbiBmYXVjaWJ1cyBvcmNpIGx1Y3R1cyBl\\ndCB1bHRyaWNlcyBwb3N1ZXJlIGN1YmlsaWEgQ3VyYWU7IE1vcmJpIGxhY2lu\\naWEgbW9sZXN0aWUgZHVpLiBQcmFlc2VudCBibGFuZGl0IGRvbG9yLiBTZWQg\\nbm9uIHF1YW0uIEluIHZlbCBtaSBzaXQgYW1ldCBhdWd1ZSBjb25ndWUgZWxl\\nbWVudHVtLgoKIVtOdWxsYSBmYXVjaWJ1cyB2ZXN0aWJ1bHVtIGVyb3MgaW4g\\ndGVtcHVzLiBWZXN0aWJ1bHVtIHRlbXBvciBpbXBlcmRpZXQgdmVsaXQgbmVj\\nIGRhcGlidXNdKC9tZWRpYS9pbWFnZS0yLmpwZykKClBlbGxlbnRlc3F1ZSBo\\nYWJpdGFudCBtb3JiaSB0cmlzdGlxdWUgc2VuZWN0dXMgZXQgbmV0dXMgZXQg\\nbWFsZXN1YWRhIGZhbWVzIGFjIHR1cnBpcyBlZ2VzdGFzLiBWZXN0aWJ1bHVt\\nIHRvcnRvciBxdWFtLCBmZXVnaWF0IHZpdGFlLCB1bHRyaWNpZXMgZWdldCwg\\ndGVtcG9yIHNpdCBhbWV0LCBhbnRlLiBEb25lYyBldSBsaWJlcm8gc2l0IGFt\\nZXQgcXVhbSBlZ2VzdGFzIHNlbXBlci4gQWVuZWFuIHVsdHJpY2llcyBtaSB2\\naXRhZSBlc3QuIE1hdXJpcyBwbGFjZXJhdCBlbGVpZmVuZCBsZW8uIFF1aXNx\\ndWUgc2l0IGFtZXQgZXN0IGV0IHNhcGllbiB1bGxhbWNvcnBlciBwaGFyZXRy\\nYS4gVmVzdGlidWx1bSBlcmF0IHdpc2ksIGNvbmRpbWVudHVtIHNlZCwgY29t\\nbW9kbyB2aXRhZSwgb3JuYXJlIHNpdCBhbWV0LCB3aXNpLiBBZW5lYW4gZmVy\\nbWVudHVtLCBlbGl0IGVnZXQgdGluY2lkdW50IGNvbmRpbWVudHVtLCBlcm9z\\nIGlwc3VtIHJ1dHJ1bSBvcmNpLCBzYWdpdHRpcyB0ZW1wdXMgbGFjdXMgZW5p\\nbSBhYyBkdWkuIERvbmVjIG5vbiBlbmltIGluIHR1cnBpcyBwdWx2aW5hciBm\\nYWNpbGlzaXMuIFV0IGZlbGlzLiAKClByYWVzZW50IGRhcGlidXMsIG5lcXVl\\nIGlkIGN1cnN1cyBmYXVjaWJ1cywgdG9ydG9yIG5lcXVlIGVnZXN0YXMgYXVn\\ndWUsIGV1IHZ1bHB1dGF0ZSBtYWduYSBlcm9zIGV1IGVyYXQuIEFsaXF1YW0g\\nZXJhdCB2b2x1dHBhdC4gTmFtIGR1aSBtaSwgdGluY2lkdW50IHF1aXMsIGFj\\nY3Vtc2FuIHBvcnR0aXRvciwgZmFjaWxpc2lzIGx1Y3R1cywgbWV0dXMu\\n\",\n  \"encoding\": \"base64\"\n}\n",
    "status": 200
  },
  {
    "method": "GET",
    "url": "/.netlify/git/github/git/blobs/0eea554365f002d0f1572af9a58522d335a794d5",
    "headers": {
      "Access-Control-Allow-Credentials": "true",
      "Access-Control-Allow-Origin": "http://localhost:8080",
      "Access-Control-Expose-Headers": "ETag, Link, Location, Retry-After, X-GitHub-OTP, X-RateLimit-Limit, X-RateLimit-Remaining, X-RateLimit-Reset, X-OAuth-Scopes, X-Accepted-OAuth-Scopes, X-Poll-Interval, X-GitHub-Media-Type, Deprecation, Sunset",
      "Alt-Svc": "clear",
      "Cache-Control": "private, max-age=60, s-maxage=60",
      "Content-Security-Policy": "default-src 'none'",
      "Content-Type": "application/json; charset=utf-8",
      "Referrer-Policy": "origin-when-cross-origin, strict-origin-when-cross-origin",
      "Server": "Netlify",
      "Strict-Transport-Security": "max-age=31536000; includeSubdomains; preload",
      "Via": "1.1 google",
      "X-Accepted-Oauth-Scopes": "",
      "X-Content-Type-Options": "nosniff",
      "X-Frame-Options": "deny",
      "X-Github-Media-Type": "github.v3; format=json",
      "X-Oauth-Scopes": "delete_repo, repo",
      "X-Ratelimit-Limit": "5000",
      "X-Xss-Protection": "1; mode=block",
      "Age": "0",
      "Connection": "keep-alive",
      "Vary": "Origin,Accept,Authorization,Cookie,X-GitHub-OTP,Accept-Encoding,Accept,X-Requested-With",
      "content-length": "4202"
    },
    "response": "{\n  \"sha\": \"0eea554365f002d0f1572af9a58522d335a794d5\",\n  \"node_id\": \"MDQ6QmxvYjI1NTA2Mzk1ODowZWVhNTU0MzY1ZjAwMmQwZjE1NzJhZjlhNTg1MjJkMzM1YTc5NGQ1\",\n  \"size\": 2786,\n  \"url\": \"https://api.github.com/repos/owner/repo/git/blobs/0eea554365f002d0f1572af9a58522d335a794d5\",\n  \"content\": \"LS0tCnRpdGxlOiAiQSBCcmllZiBIaXN0b3J5IG9mIFR5cG9ncmFwaHkiCmRh\\ndGU6ICIyMDE2LTAyLTAyVDIyOjQwOjMyLjE2OVoiCnRlbXBsYXRlOiAicG9z\\ndCIKZHJhZnQ6IGZhbHNlCmNhdGVnb3J5OiAiRGVzaWduIEluc3BpcmF0aW9u\\nIgp0YWdzOgogIC0gIkxpbm90eXBlIgogIC0gIk1vbm90eXBlIgogIC0gIkhp\\nc3Rvcnkgb2YgdHlwb2dyYXBoeSIKICAtICJIZWx2ZXRpY2EiCmRlc2NyaXB0\\naW9uOiAiTW9yYmkgaW4gc2VtIHF1aXMgZHVpIHBsYWNlcmF0IG9ybmFyZS4g\\nUGVsbGVudGVzcXVlIG9kaW8gbmlzaSwgZXVpc21vZCBpbiwgcGhhcmV0cmEg\\nYSwgdWx0cmljaWVzIGluLCBkaWFtLiBTZWQgYXJjdS4gQ3JhcyBjb25zZXF1\\nYXQuIgpjYW5vbmljYWw6ICcnCi0tLQoKKipQZWxsZW50ZXNxdWUgaGFiaXRh\\nbnQgbW9yYmkgdHJpc3RpcXVlKiogc2VuZWN0dXMgZXQgbmV0dXMgZXQgbWFs\\nZXN1YWRhIGZhbWVzIGFjIHR1cnBpcyBlZ2VzdGFzLiBWZXN0aWJ1bHVtIHRv\\ncnRvciBxdWFtLCBmZXVnaWF0IHZpdGFlLCB1bHRyaWNpZXMgZWdldCwgdGVt\\ncG9yIHNpdCBhbWV0LCBhbnRlLiBEb25lYyBldSBsaWJlcm8gc2l0IGFtZXQg\\ncXVhbSBlZ2VzdGFzIHNlbXBlci4gKkFlbmVhbiB1bHRyaWNpZXMgbWkgdml0\\nYWUgZXN0LiogTWF1cmlzIHBsYWNlcmF0IGVsZWlmZW5kIGxlby4gUXVpc3F1\\nZSBzaXQgYW1ldCBlc3QgZXQgc2FwaWVuIHVsbGFtY29ycGVyIHBoYXJldHJh\\nLiAKClZlc3RpYnVsdW0gZXJhdCB3aXNpLCBjb25kaW1lbnR1bSBzZWQsIGNv\\nbW1vZG8gdml0YWUsIG9ybmFyZSBzaXQgYW1ldCwgd2lzaS4gQWVuZWFuIGZl\\ncm1lbnR1bSwgZWxpdCBlZ2V0IHRpbmNpZHVudCBjb25kaW1lbnR1bSwgZXJv\\ncyBpcHN1bSBydXRydW0gb3JjaSwgc2FnaXR0aXMgdGVtcHVzIGxhY3VzIGVu\\naW0gYWMgZHVpLiAgW0RvbmVjIG5vbiBlbmltXSgjKSBpbiB0dXJwaXMgcHVs\\ndmluYXIgZmFjaWxpc2lzLgoKIVtOdWxsYSBmYXVjaWJ1cyB2ZXN0aWJ1bHVt\\nIGVyb3MgaW4gdGVtcHVzLiBWZXN0aWJ1bHVtIHRlbXBvciBpbXBlcmRpZXQg\\ndmVsaXQgbmVjIGRhcGlidXNdKC9tZWRpYS9pbWFnZS0wLmpwZykKCiMjIEhl\\nYWRlciBMZXZlbCAyCgorIExvcmVtIGlwc3VtIGRvbG9yIHNpdCBhbWV0LCBj\\nb25zZWN0ZXR1ZXIgYWRpcGlzY2luZyBlbGl0LgorIEFsaXF1YW0gdGluY2lk\\ndW50IG1hdXJpcyBldSByaXN1cy4KCkRvbmVjIG5vbiBlbmltIGluIHR1cnBp\\ncyBwdWx2aW5hciBmYWNpbGlzaXMuIFV0IGZlbGlzLiBQcmFlc2VudCBkYXBp\\nYnVzLCBuZXF1ZSBpZCBjdXJzdXMgZmF1Y2lidXMsIHRvcnRvciBuZXF1ZSBl\\nZ2VzdGFzIGF1Z3VlLCBldSB2dWxwdXRhdGUgbWFnbmEgZXJvcyBldSBlcmF0\\nLiBBbGlxdWFtIGVyYXQgdm9sdXRwYXQuIAoKPGZpZ3VyZT4KCTxibG9ja3F1\\nb3RlPgoJCTxwPkxvcmVtIGlwc3VtIGRvbG9yIHNpdCBhbWV0LCBjb25zZWN0\\nZXR1ciBhZGlwaXNjaW5nIGVsaXQuIFZpdmFtdXMgbWFnbmEuIENyYXMgaW4g\\nbWkgYXQgZmVsaXMgYWxpcXVldCBjb25ndWUuIFV0IGEgZXN0IGVnZXQgbGln\\ndWxhIG1vbGVzdGllIGdyYXZpZGEuIEN1cmFiaXR1ciBtYXNzYS4gRG9uZWMg\\nZWxlaWZlbmQsIGxpYmVybyBhdCBzYWdpdHRpcyBtb2xsaXMsIHRlbGx1cyBl\\nc3QgbWFsZXN1YWRhIHRlbGx1cywgYXQgbHVjdHVzIHR1cnBpcyBlbGl0IHNp\\ndCBhbWV0IHF1YW0uIFZpdmFtdXMgcHJldGl1bSBvcm5hcmUgZXN0LjwvcD4K\\nCQk8Zm9vdGVyPgoJCQk8Y2l0ZT7igJQgQWxpcXVhbSB0aW5jaWR1bnQgbWF1\\ncmlzIGV1IHJpc3VzLjwvY2l0ZT4KCQk8L2Zvb3Rlcj4KCTwvYmxvY2txdW90\\nZT4KPC9maWd1cmU+CgojIyMgSGVhZGVyIExldmVsIDMKCisgTG9yZW0gaXBz\\ndW0gZG9sb3Igc2l0IGFtZXQsIGNvbnNlY3RldHVlciBhZGlwaXNjaW5nIGVs\\naXQuCisgQWxpcXVhbSB0aW5jaWR1bnQgbWF1cmlzIGV1IHJpc3VzLgoKUGVs\\nbGVudGVzcXVlIGhhYml0YW50IG1vcmJpIHRyaXN0aXF1ZSBzZW5lY3R1cyBl\\ndCBuZXR1cyBldCBtYWxlc3VhZGEgZmFtZXMgYWMgdHVycGlzIGVnZXN0YXMu\\nIFZlc3RpYnVsdW0gdG9ydG9yIHF1YW0sIGZldWdpYXQgdml0YWUsIHVsdHJp\\nY2llcyBlZ2V0LCB0ZW1wb3Igc2l0IGFtZXQsIGFudGUuIERvbmVjIGV1IGxp\\nYmVybyBzaXQgYW1ldCBxdWFtIGVnZXN0YXMgc2VtcGVyLiBBZW5lYW4gdWx0\\ncmljaWVzIG1pIHZpdGFlIGVzdC4gTWF1cmlzIHBsYWNlcmF0IGVsZWlmZW5k\\nIGxlby4gUXVpc3F1ZSBzaXQgYW1ldCBlc3QgZXQgc2FwaWVuIHVsbGFtY29y\\ncGVyIHBoYXJldHJhLgoKYGBgY3NzCiNoZWFkZXIgaDEgYSB7CiAgZGlzcGxh\\neTogYmxvY2s7CiAgd2lkdGg6IDMwMHB4OwogIGhlaWdodDogODBweDsKfQpg\\nYGAKClZlc3RpYnVsdW0gZXJhdCB3aXNpLCBjb25kaW1lbnR1bSBzZWQsIGNv\\nbW1vZG8gdml0YWUsIG9ybmFyZSBzaXQgYW1ldCwgd2lzaS4gQWVuZWFuIGZl\\ncm1lbnR1bSwgZWxpdCBlZ2V0IHRpbmNpZHVudCBjb25kaW1lbnR1bSwgZXJv\\ncyBpcHN1bSBydXRydW0gb3JjaSwgc2FnaXR0aXMgdGVtcHVzIGxhY3VzIGVu\\naW0gYWMgZHVpLiBEb25lYyBub24gZW5pbSBpbiB0dXJwaXMgcHVsdmluYXIg\\nZmFjaWxpc2lzLiBVdCBmZWxpcy4gUHJhZXNlbnQgZGFwaWJ1cywgbmVxdWUg\\naWQgY3Vyc3VzIGZhdWNpYnVzLCB0b3J0b3IgbmVxdWUgZWdlc3RhcyBhdWd1\\nZSwgZXUgdnVscHV0YXRlIG1hZ25hIGVyb3MgZXUgZXJhdC4gQWxpcXVhbSBl\\ncmF0IHZvbHV0cGF0LiBOYW0gZHVpIG1pLCB0aW5jaWR1bnQgcXVpcywgYWNj\\ndW1zYW4gcG9ydHRpdG9yLCBmYWNpbGlzaXMgbHVjdHVzLCBtZXR1cy4=\\n\",\n  \"encoding\": \"base64\"\n}\n",
    "status": 200
  },
  {
    "method": "GET",
    "url": "/.netlify/git/github/git/blobs/d0582dd245a3f408fb3fe2333bf01400007476e9",
    "headers": {
      "Access-Control-Allow-Credentials": "true",
      "Access-Control-Allow-Origin": "http://localhost:8080",
      "Access-Control-Expose-Headers": "ETag, Link, Location, Retry-After, X-GitHub-OTP, X-RateLimit-Limit, X-RateLimit-Remaining, X-RateLimit-Reset, X-OAuth-Scopes, X-Accepted-OAuth-Scopes, X-Poll-Interval, X-GitHub-Media-Type, Deprecation, Sunset",
      "Alt-Svc": "clear",
      "Cache-Control": "private, max-age=60, s-maxage=60",
      "Content-Security-Policy": "default-src 'none'",
      "Content-Type": "application/json; charset=utf-8",
      "Referrer-Policy": "origin-when-cross-origin, strict-origin-when-cross-origin",
      "Server": "Netlify",
      "Strict-Transport-Security": "max-age=31536000; includeSubdomains; preload",
      "Via": "1.1 google",
      "X-Accepted-Oauth-Scopes": "",
      "X-Content-Type-Options": "nosniff",
      "X-Frame-Options": "deny",
      "X-Github-Media-Type": "github.v3; format=json",
      "X-Oauth-Scopes": "delete_repo, repo",
      "X-Ratelimit-Limit": "5000",
      "X-Xss-Protection": "1; mode=block",
      "Age": "0",
      "Connection": "keep-alive",
      "Vary": "Origin,Accept,Authorization,Cookie,X-GitHub-OTP,Accept-Encoding,Accept,X-Requested-With",
      "content-length": "3896"
    },
    "response": "{\n  \"sha\": \"d0582dd245a3f408fb3fe2333bf01400007476e9\",\n  \"node_id\": \"MDQ6QmxvYjI1NTA2Mzk1ODpkMDU4MmRkMjQ1YTNmNDA4ZmIzZmUyMzMzYmYwMTQwMDAwNzQ3NmU5\",\n  \"size\": 2565,\n  \"url\": \"https://api.github.com/repos/owner/repo/git/blobs/d0582dd245a3f408fb3fe2333bf01400007476e9\",\n  \"content\": \"LS0tCnRpdGxlOiBUaGUgT3JpZ2lucyBvZiBTb2NpYWwgU3RhdGlvbmVyeSBM\\nZXR0ZXJpbmcKZGF0ZTogIjIwMTYtMTItMDFUMjI6NDA6MzIuMTY5WiIKdGVt\\ncGxhdGU6ICJwb3N0IgpkcmFmdDogZmFsc2UKY2F0ZWdvcnk6ICJEZXNpZ24g\\nQ3VsdHVyZSIKZGVzY3JpcHRpb246ICJQZWxsZW50ZXNxdWUgaGFiaXRhbnQg\\nbW9yYmkgdHJpc3RpcXVlIHNlbmVjdHVzIGV0IG5ldHVzIGV0IG1hbGVzdWFk\\nYSBmYW1lcyBhYyB0dXJwaXMgZWdlc3Rhcy4gVmVzdGlidWx1bSB0b3J0b3Ig\\ncXVhbSwgZmV1Z2lhdCB2aXRhZSwgdWx0cmljaWVzIGVnZXQsIHRlbXBvciBz\\naXQgYW1ldCwgYW50ZS4iCmNhbm9uaWNhbDogJycKLS0tCgoqKlBlbGxlbnRl\\nc3F1ZSBoYWJpdGFudCBtb3JiaSB0cmlzdGlxdWUqKiBzZW5lY3R1cyBldCBu\\nZXR1cyBldCBtYWxlc3VhZGEgZmFtZXMgYWMgdHVycGlzIGVnZXN0YXMuIFZl\\nc3RpYnVsdW0gdG9ydG9yIHF1YW0sIGZldWdpYXQgdml0YWUsIHVsdHJpY2ll\\ncyBlZ2V0LCB0ZW1wb3Igc2l0IGFtZXQsIGFudGUuIERvbmVjIGV1IGxpYmVy\\nbyBzaXQgYW1ldCBxdWFtIGVnZXN0YXMgc2VtcGVyLiAqQWVuZWFuIHVsdHJp\\nY2llcyBtaSB2aXRhZSBlc3QuKiBNYXVyaXMgcGxhY2VyYXQgZWxlaWZlbmQg\\nbGVvLiBRdWlzcXVlIHNpdCBhbWV0IGVzdCBldCBzYXBpZW4gdWxsYW1jb3Jw\\nZXIgcGhhcmV0cmEuIAoKVmVzdGlidWx1bSBlcmF0IHdpc2ksIGNvbmRpbWVu\\ndHVtIHNlZCwgY29tbW9kbyB2aXRhZSwgb3JuYXJlIHNpdCBhbWV0LCB3aXNp\\nLiBBZW5lYW4gZmVybWVudHVtLCBlbGl0IGVnZXQgdGluY2lkdW50IGNvbmRp\\nbWVudHVtLCBlcm9zIGlwc3VtIHJ1dHJ1bSBvcmNpLCBzYWdpdHRpcyB0ZW1w\\ndXMgbGFjdXMgZW5pbSBhYyBkdWkuICBbRG9uZWMgbm9uIGVuaW1dKCMpIGlu\\nIHR1cnBpcyBwdWx2aW5hciBmYWNpbGlzaXMuCgohW051bGxhIGZhdWNpYnVz\\nIHZlc3RpYnVsdW0gZXJvcyBpbiB0ZW1wdXMuIFZlc3RpYnVsdW0gdGVtcG9y\\nIGltcGVyZGlldCB2ZWxpdCBuZWMgZGFwaWJ1c10oL21lZGlhL2ltYWdlLTMu\\nanBnKQoKIyMgSGVhZGVyIExldmVsIDIKCisgTG9yZW0gaXBzdW0gZG9sb3Ig\\nc2l0IGFtZXQsIGNvbnNlY3RldHVlciBhZGlwaXNjaW5nIGVsaXQuCisgQWxp\\ncXVhbSB0aW5jaWR1bnQgbWF1cmlzIGV1IHJpc3VzLgoKRG9uZWMgbm9uIGVu\\naW0gaW4gdHVycGlzIHB1bHZpbmFyIGZhY2lsaXNpcy4gVXQgZmVsaXMuIFBy\\nYWVzZW50IGRhcGlidXMsIG5lcXVlIGlkIGN1cnN1cyBmYXVjaWJ1cywgdG9y\\ndG9yIG5lcXVlIGVnZXN0YXMgYXVndWUsIGV1IHZ1bHB1dGF0ZSBtYWduYSBl\\ncm9zIGV1IGVyYXQuIEFsaXF1YW0gZXJhdCB2b2x1dHBhdC4gCgo8ZmlndXJl\\nPgoJPGJsb2NrcXVvdGU+CgkJPHA+TG9yZW0gaXBzdW0gZG9sb3Igc2l0IGFt\\nZXQsIGNvbnNlY3RldHVyIGFkaXBpc2NpbmcgZWxpdC4gVml2YW11cyBtYWdu\\nYS4gQ3JhcyBpbiBtaSBhdCBmZWxpcyBhbGlxdWV0IGNvbmd1ZS4gVXQgYSBl\\nc3QgZWdldCBsaWd1bGEgbW9sZXN0aWUgZ3JhdmlkYS4gQ3VyYWJpdHVyIG1h\\nc3NhLiBEb25lYyBlbGVpZmVuZCwgbGliZXJvIGF0IHNhZ2l0dGlzIG1vbGxp\\ncywgdGVsbHVzIGVzdCBtYWxlc3VhZGEgdGVsbHVzLCBhdCBsdWN0dXMgdHVy\\ncGlzIGVsaXQgc2l0IGFtZXQgcXVhbS4gVml2YW11cyBwcmV0aXVtIG9ybmFy\\nZSBlc3QuPC9wPgoJCTxmb290ZXI+CgkJCTxjaXRlPuKAlCBBbGlxdWFtIHRp\\nbmNpZHVudCBtYXVyaXMgZXUgcmlzdXMuPC9jaXRlPgoJCTwvZm9vdGVyPgoJ\\nPC9ibG9ja3F1b3RlPgo8L2ZpZ3VyZT4KCiMjIyBIZWFkZXIgTGV2ZWwgMwoK\\nKyBMb3JlbSBpcHN1bSBkb2xvciBzaXQgYW1ldCwgY29uc2VjdGV0dWVyIGFk\\naXBpc2NpbmcgZWxpdC4KKyBBbGlxdWFtIHRpbmNpZHVudCBtYXVyaXMgZXUg\\ncmlzdXMuCgpQZWxsZW50ZXNxdWUgaGFiaXRhbnQgbW9yYmkgdHJpc3RpcXVl\\nIHNlbmVjdHVzIGV0IG5ldHVzIGV0IG1hbGVzdWFkYSBmYW1lcyBhYyB0dXJw\\naXMgZWdlc3Rhcy4gVmVzdGlidWx1bSB0b3J0b3IgcXVhbSwgZmV1Z2lhdCB2\\naXRhZSwgdWx0cmljaWVzIGVnZXQsIHRlbXBvciBzaXQgYW1ldCwgYW50ZS4g\\nRG9uZWMgZXUgbGliZXJvIHNpdCBhbWV0IHF1YW0gZWdlc3RhcyBzZW1wZXIu\\nIEFlbmVhbiB1bHRyaWNpZXMgbWkgdml0YWUgZXN0LiBNYXVyaXMgcGxhY2Vy\\nYXQgZWxlaWZlbmQgbGVvLiBRdWlzcXVlIHNpdCBhbWV0IGVzdCBldCBzYXBp\\nZW4gdWxsYW1jb3JwZXIgcGhhcmV0cmEuCgpgYGBjc3MKI2hlYWRlciBoMSBh\\nIHsKICBkaXNwbGF5OiBibG9jazsKICB3aWR0aDogMzAwcHg7CiAgaGVpZ2h0\\nOiA4MHB4Owp9CmBgYAoKRG9uZWMgbm9uIGVuaW0gaW4gdHVycGlzIHB1bHZp\\nbmFyIGZhY2lsaXNpcy4gVXQgZmVsaXMuIFByYWVzZW50IGRhcGlidXMsIG5l\\ncXVlIGlkIGN1cnN1cyBmYXVjaWJ1cywgdG9ydG9yIG5lcXVlIGVnZXN0YXMg\\nYXVndWUsIGV1IHZ1bHB1dGF0ZSBtYWduYSBlcm9zIGV1IGVyYXQuIEFsaXF1\\nYW0gZXJhdCB2b2x1dHBhdC4gTmFtIGR1aSBtaSwgdGluY2lkdW50IHF1aXMs\\nIGFjY3Vtc2FuIHBvcnR0aXRvciwgZmFjaWxpc2lzIGx1Y3R1cywgbWV0dXMu\\n\",\n  \"encoding\": \"base64\"\n}\n",
    "status": 200
  },
  {
    "method": "GET",
    "url": "/.netlify/git/github/git/blobs/44f78c474d04273185a95821426f75affc9b0044",
    "headers": {
      "Access-Control-Allow-Credentials": "true",
      "Access-Control-Allow-Origin": "http://localhost:8080",
      "Access-Control-Expose-Headers": "ETag, Link, Location, Retry-After, X-GitHub-OTP, X-RateLimit-Limit, X-RateLimit-Remaining, X-RateLimit-Reset, X-OAuth-Scopes, X-Accepted-OAuth-Scopes, X-Poll-Interval, X-GitHub-Media-Type, Deprecation, Sunset",
      "Alt-Svc": "clear",
      "Cache-Control": "private, max-age=60, s-maxage=60",
      "Content-Security-Policy": "default-src 'none'",
      "Content-Type": "application/json; charset=utf-8",
      "Referrer-Policy": "origin-when-cross-origin, strict-origin-when-cross-origin",
      "Server": "Netlify",
      "Strict-Transport-Security": "max-age=31536000; includeSubdomains; preload",
      "Via": "1.1 google",
      "X-Accepted-Oauth-Scopes": "",
      "X-Content-Type-Options": "nosniff",
      "X-Frame-Options": "deny",
      "X-Github-Media-Type": "github.v3; format=json",
      "X-Oauth-Scopes": "delete_repo, repo",
      "X-Ratelimit-Limit": "5000",
      "X-Xss-Protection": "1; mode=block",
      "Age": "0",
      "Connection": "keep-alive",
      "Vary": "Origin,Accept,Authorization,Cookie,X-GitHub-OTP,Accept-Encoding,Accept,X-Requested-With",
      "content-length": "22507"
    },
    "response": "{\n  \"sha\": \"44f78c474d04273185a95821426f75affc9b0044\",\n  \"node_id\": \"MDQ6QmxvYjI1NTA2Mzk1ODo0NGY3OGM0NzRkMDQyNzMxODVhOTU4MjE0MjZmNzVhZmZjOWIwMDQ0\",\n  \"size\": 16071,\n  \"url\": \"https://api.github.com/repos/owner/repo/git/blobs/44f78c474d04273185a95821426f75affc9b0044\",\n  \"content\": \"LS0tCnRpdGxlOiAiSm9oYW5uZXMgR3V0ZW5iZXJnOiBUaGUgQmlydGggb2Yg\\nTW92YWJsZSBUeXBlIgpkYXRlOiAiMjAxNy0wOC0xOFQyMjoxMjowMy4yODRa\\nIgp0ZW1wbGF0ZTogInBvc3QiCmRyYWZ0OiBmYWxzZQpjYXRlZ29yeTogIlR5\\ncG9ncmFwaHkiCnRhZ3M6CiAgLSAiT3BlbiBzb3VyY2UiCiAgLSAiR2F0c2J5\\nIgogIC0gIlR5cG9ncmFwaHkiCmRlc2NyaXB0aW9uOiAiR2VybWFuIGludmVu\\ndG9yIEpvaGFubmVzIEd1dGVuYmVyZyBkZXZlbG9wZWQgYSBtZXRob2Qgb2Yg\\nbW92YWJsZSB0eXBlIGFuZCB1c2VkIGl0IHRvIGNyZWF0ZSBvbmUgb2YgdGhl\\nIHdlc3Rlcm4gd29ybGTigJlzIGZpcnN0IG1ham9yIHByaW50ZWQgYm9va3Ms\\nIHRoZSDigJxGb3J0eeKAk1R3b+KAk0xpbmXigJ0gQmlibGUuIgpjYW5vbmlj\\nYWw6ICcnCi0tLQoKR2VybWFuIGludmVudG9yIEpvaGFubmVzIEd1dGVuYmVy\\nZyBkZXZlbG9wZWQgYSBtZXRob2Qgb2YgbW92YWJsZSB0eXBlIGFuZCB1c2Vk\\nIGl0IHRvIGNyZWF0ZSBvbmUgb2YgdGhlIHdlc3Rlcm4gd29ybGTigJlzIGZp\\ncnN0IG1ham9yIHByaW50ZWQgYm9va3MsIHRoZSDigJxGb3J0eeKAk1R3b+KA\\nk0xpbmXigJ0gQmlibGUuCgoqKkpvaGFubmVzIEdlbnNmbGVpc2NoIHp1ciBM\\nYWRlbiB6dW0gR3V0ZW5iZXJnKiogKGMuIDEzOTgg4oCTIDE0NjgpIHdhcyBh\\nIEdlcm1hbiBibGFja3NtaXRoLCBnb2xkc21pdGgsIHByaW50ZXIsIGFuZCBw\\ndWJsaXNoZXIgd2hvIGludHJvZHVjZWQgcHJpbnRpbmcgdG8gRXVyb3BlLiBI\\naXMgaW52ZW50aW9uIG9mIG1lY2hhbmljYWwgbW92YWJsZSB0eXBlIHByaW50\\naW5nIHN0YXJ0ZWQgdGhlIFByaW50aW5nIFJldm9sdXRpb24gYW5kIGlzIHdp\\nZGVseSByZWdhcmRlZCBhcyB0aGUgbW9zdCBpbXBvcnRhbnQgZXZlbnQgb2Yg\\ndGhlIG1vZGVybiBwZXJpb2QuIEl0IHBsYXllZCBhIGtleSByb2xlIGluIHRo\\nZSBkZXZlbG9wbWVudCBvZiB0aGUgUmVuYWlzc2FuY2UsIFJlZm9ybWF0aW9u\\nLCB0aGUgQWdlIG9mIEVubGlnaHRlbm1lbnQsIGFuZCB0aGUgU2NpZW50aWZp\\nYyByZXZvbHV0aW9uIGFuZCBsYWlkIHRoZSBtYXRlcmlhbCBiYXNpcyBmb3Ig\\ndGhlIG1vZGVybiBrbm93bGVkZ2UtYmFzZWQgZWNvbm9teSBhbmQgdGhlIHNw\\ncmVhZCBvZiBsZWFybmluZyB0byB0aGUgbWFzc2VzLgoKPGZpZ3VyZSBjbGFz\\ncz0iZmxvYXQtcmlnaHQiIHN0eWxlPSJ3aWR0aDogMjQwcHgiPgoJPGltZyBz\\ncmM9Ii9tZWRpYS9ndXRlbmJlcmcuanBnIiBhbHQ9Ikd1dGVuYmVyZyI+Cgk8\\nZmlnY2FwdGlvbj5Kb2hhbm5lcyBHdXRlbmJlcmc8L2ZpZ2NhcHRpb24+Cjwv\\nZmlndXJlPgoKV2l0aCBoaXMgaW52ZW50aW9uIG9mIHRoZSBwcmludGluZyBw\\ncmVzcywgR3V0ZW5iZXJnIHdhcyB0aGUgZmlyc3QgRXVyb3BlYW4gdG8gdXNl\\nIG1vdmFibGUgdHlwZSBwcmludGluZywgaW4gYXJvdW5kIDE0MzkuIEFtb25n\\nIGhpcyBtYW55IGNvbnRyaWJ1dGlvbnMgdG8gcHJpbnRpbmcgYXJlOiB0aGUg\\naW52ZW50aW9uIG9mIGEgcHJvY2VzcyBmb3IgbWFzcy1wcm9kdWNpbmcgbW92\\nYWJsZSB0eXBlOyB0aGUgdXNlIG9mIG9pbC1iYXNlZCBpbms7IGFuZCB0aGUg\\ndXNlIG9mIGEgd29vZGVuIHByaW50aW5nIHByZXNzIHNpbWlsYXIgdG8gdGhl\\nIGFncmljdWx0dXJhbCBzY3JldyBwcmVzc2VzIG9mIHRoZSBwZXJpb2QuIEhp\\ncyB0cnVseSBlcG9jaGFsIGludmVudGlvbiB3YXMgdGhlIGNvbWJpbmF0aW9u\\nIG9mIHRoZXNlIGVsZW1lbnRzIGludG8gYSBwcmFjdGljYWwgc3lzdGVtIHRo\\nYXQgYWxsb3dlZCB0aGUgbWFzcyBwcm9kdWN0aW9uIG9mIHByaW50ZWQgYm9v\\na3MgYW5kIHdhcyBlY29ub21pY2FsbHkgdmlhYmxlIGZvciBwcmludGVycyBh\\nbmQgcmVhZGVycyBhbGlrZS4gR3V0ZW5iZXJnJ3MgbWV0aG9kIGZvciBtYWtp\\nbmcgdHlwZSBpcyB0cmFkaXRpb25hbGx5IGNvbnNpZGVyZWQgdG8gaGF2ZSBp\\nbmNsdWRlZCBhIHR5cGUgbWV0YWwgYWxsb3kgYW5kIGEgaGFuZCBtb3VsZCBm\\nb3IgY2FzdGluZyB0eXBlLiBUaGUgYWxsb3kgd2FzIGEgbWl4dHVyZSBvZiBs\\nZWFkLCB0aW4sIGFuZCBhbnRpbW9ueSB0aGF0IG1lbHRlZCBhdCBhIHJlbGF0\\naXZlbHkgbG93IHRlbXBlcmF0dXJlIGZvciBmYXN0ZXIgYW5kIG1vcmUgZWNv\\nbm9taWNhbCBjYXN0aW5nLCBjYXN0IHdlbGwsIGFuZCBjcmVhdGVkIGEgZHVy\\nYWJsZSB0eXBlLgoKSW4gUmVuYWlzc2FuY2UgRXVyb3BlLCB0aGUgYXJyaXZh\\nbCBvZiBtZWNoYW5pY2FsIG1vdmFibGUgdHlwZSBwcmludGluZyBpbnRyb2R1\\nY2VkIHRoZSBlcmEgb2YgbWFzcyBjb21tdW5pY2F0aW9uIHdoaWNoIHBlcm1h\\nbmVudGx5IGFsdGVyZWQgdGhlIHN0cnVjdHVyZSBvZiBzb2NpZXR5LiBUaGUg\\ncmVsYXRpdmVseSB1bnJlc3RyaWN0ZWQgY2lyY3VsYXRpb24gb2YgaW5mb3Jt\\nYXRpb24g4oCUIGluY2x1ZGluZyByZXZvbHV0aW9uYXJ5IGlkZWFzIOKAlCB0\\ncmFuc2NlbmRlZCBib3JkZXJzLCBjYXB0dXJlZCB0aGUgbWFzc2VzIGluIHRo\\nZSBSZWZvcm1hdGlvbiBhbmQgdGhyZWF0ZW5lZCB0aGUgcG93ZXIgb2YgcG9s\\naXRpY2FsIGFuZCByZWxpZ2lvdXMgYXV0aG9yaXRpZXM7IHRoZSBzaGFycCBp\\nbmNyZWFzZSBpbiBsaXRlcmFjeSBicm9rZSB0aGUgbW9ub3BvbHkgb2YgdGhl\\nIGxpdGVyYXRlIGVsaXRlIG9uIGVkdWNhdGlvbiBhbmQgbGVhcm5pbmcgYW5k\\nIGJvbHN0ZXJlZCB0aGUgZW1lcmdpbmcgbWlkZGxlIGNsYXNzLiBBY3Jvc3Mg\\nRXVyb3BlLCB0aGUgaW5jcmVhc2luZyBjdWx0dXJhbCBzZWxmLWF3YXJlbmVz\\ncyBvZiBpdHMgcGVvcGxlIGxlZCB0byB0aGUgcmlzZSBvZiBwcm90by1uYXRp\\nb25hbGlzbSwgYWNjZWxlcmF0ZWQgYnkgdGhlIGZsb3dlcmluZyBvZiB0aGUg\\nRXVyb3BlYW4gdmVybmFjdWxhciBsYW5ndWFnZXMgdG8gdGhlIGRldHJpbWVu\\ndCBvZiBMYXRpbidzIHN0YXR1cyBhcyBsaW5ndWEgZnJhbmNhLiBJbiB0aGUg\\nMTl0aCBjZW50dXJ5LCB0aGUgcmVwbGFjZW1lbnQgb2YgdGhlIGhhbmQtb3Bl\\ncmF0ZWQgR3V0ZW5iZXJnLXN0eWxlIHByZXNzIGJ5IHN0ZWFtLXBvd2VyZWQg\\ncm90YXJ5IHByZXNzZXMgYWxsb3dlZCBwcmludGluZyBvbiBhbiBpbmR1c3Ry\\naWFsIHNjYWxlLCB3aGlsZSBXZXN0ZXJuLXN0eWxlIHByaW50aW5nIHdhcyBh\\nZG9wdGVkIGFsbCBvdmVyIHRoZSB3b3JsZCwgYmVjb21pbmcgcHJhY3RpY2Fs\\nbHkgdGhlIHNvbGUgbWVkaXVtIGZvciBtb2Rlcm4gYnVsayBwcmludGluZy4K\\nClRoZSB1c2Ugb2YgbW92YWJsZSB0eXBlIHdhcyBhIG1hcmtlZCBpbXByb3Zl\\nbWVudCBvbiB0aGUgaGFuZHdyaXR0ZW4gbWFudXNjcmlwdCwgd2hpY2ggd2Fz\\nIHRoZSBleGlzdGluZyBtZXRob2Qgb2YgYm9vayBwcm9kdWN0aW9uIGluIEV1\\ncm9wZSwgYW5kIHVwb24gd29vZGJsb2NrIHByaW50aW5nLCBhbmQgcmV2b2x1\\ndGlvbml6ZWQgRXVyb3BlYW4gYm9vay1tYWtpbmcuIEd1dGVuYmVyZydzIHBy\\naW50aW5nIHRlY2hub2xvZ3kgc3ByZWFkIHJhcGlkbHkgdGhyb3VnaG91dCBF\\ndXJvcGUgYW5kIGxhdGVyIHRoZSB3b3JsZC4KCkhpcyBtYWpvciB3b3JrLCB0\\naGUgR3V0ZW5iZXJnIEJpYmxlIChhbHNvIGtub3duIGFzIHRoZSA0Mi1saW5l\\nIEJpYmxlKSwgaGFzIGJlZW4gYWNjbGFpbWVkIGZvciBpdHMgaGlnaCBhZXN0\\naGV0aWMgYW5kIHRlY2huaWNhbCBxdWFsaXR5LgoKIyMgUHJpbnRpbmcgUHJl\\nc3MKCkFyb3VuZCAxNDM5LCBHdXRlbmJlcmcgd2FzIGludm9sdmVkIGluIGEg\\nZmluYW5jaWFsIG1pc2FkdmVudHVyZSBtYWtpbmcgcG9saXNoZWQgbWV0YWwg\\nbWlycm9ycyAod2hpY2ggd2VyZSBiZWxpZXZlZCB0byBjYXB0dXJlIGhvbHkg\\nbGlnaHQgZnJvbSByZWxpZ2lvdXMgcmVsaWNzKSBmb3Igc2FsZSB0byBwaWxn\\ncmltcyB0byBBYWNoZW46IGluIDE0MzkgdGhlIGNpdHkgd2FzIHBsYW5uaW5n\\nIHRvIGV4aGliaXQgaXRzIGNvbGxlY3Rpb24gb2YgcmVsaWNzIGZyb20gRW1w\\nZXJvciBDaGFybGVtYWduZSBidXQgdGhlIGV2ZW50IHdhcyBkZWxheWVkIGJ5\\nIG9uZSB5ZWFyIGR1ZSB0byBhIHNldmVyZSBmbG9vZCBhbmQgdGhlIGNhcGl0\\nYWwgYWxyZWFkeSBzcGVudCBjb3VsZCBub3QgYmUgcmVwYWlkLiBXaGVuIHRo\\nZSBxdWVzdGlvbiBvZiBzYXRpc2Z5aW5nIHRoZSBpbnZlc3RvcnMgY2FtZSB1\\ncCwgR3V0ZW5iZXJnIGlzIHNhaWQgdG8gaGF2ZSBwcm9taXNlZCB0byBzaGFy\\nZSBhIOKAnHNlY3JldOKAnS4gSXQgaGFzIGJlZW4gd2lkZWx5IHNwZWN1bGF0\\nZWQgdGhhdCB0aGlzIHNlY3JldCBtYXkgaGF2ZSBiZWVuIHRoZSBpZGVhIG9m\\nIHByaW50aW5nIHdpdGggbW92YWJsZSB0eXBlLiBBbHNvIGFyb3VuZCAxNDM5\\n4oCTMTQ0MCwgdGhlIER1dGNoIExhdXJlbnMgSmFuc3pvb24gQ29zdGVyIGNh\\nbWUgdXAgd2l0aCB0aGUgaWRlYSBvZiBwcmludGluZy4gTGVnZW5kIGhhcyBp\\ndCB0aGF0IHRoZSBpZGVhIGNhbWUgdG8gaGltIOKAnGxpa2UgYSByYXkgb2Yg\\nbGlnaHTigJ0uCgo8ZmlndXJlIGNsYXNzPSJmbG9hdC1sZWZ0IiBzdHlsZT0i\\nd2lkdGg6IDI0MHB4Ij4KCTxpbWcgc3JjPSIvbWVkaWEvcHJpbnRpbmctcHJl\\nc3MuanBnIiBhbHQ9IkVhcmx5IFByaW50aW5nIFByZXNzIj4KCTxmaWdjYXB0\\naW9uPkVhcmx5IHdvb2RlbiBwcmludGluZyBwcmVzcyBhcyBkZXBpY3RlZCBp\\nbiAxNTY4LjwvZmlnY2FwdGlvbj4KPC9maWd1cmU+CgpVbnRpbCBhdCBsZWFz\\ndCAxNDQ0IGhlIGxpdmVkIGluIFN0cmFzYm91cmcsIG1vc3QgbGlrZWx5IGlu\\nIHRoZSBTdC4gQXJib2dhc3QgcGFyaXNoLiBJdCB3YXMgaW4gU3RyYXNib3Vy\\nZyBpbiAxNDQwIHRoYXQgR3V0ZW5iZXJnIGlzIHNhaWQgdG8gaGF2ZSBwZXJm\\nZWN0ZWQgYW5kIHVudmVpbGVkIHRoZSBzZWNyZXQgb2YgcHJpbnRpbmcgYmFz\\nZWQgb24gaGlzIHJlc2VhcmNoLCBteXN0ZXJpb3VzbHkgZW50aXRsZWQgS3Vu\\nc3QgdW5kIEF2ZW50dXIgKGFydCBhbmQgZW50ZXJwcmlzZSkuIEl0IGlzIG5v\\ndCBjbGVhciB3aGF0IHdvcmsgaGUgd2FzIGVuZ2FnZWQgaW4sIG9yIHdoZXRo\\nZXIgc29tZSBlYXJseSB0cmlhbHMgd2l0aCBwcmludGluZyBmcm9tIG1vdmFi\\nbGUgdHlwZSBtYXkgaGF2ZSBiZWVuIGNvbmR1Y3RlZCB0aGVyZS4gQWZ0ZXIg\\ndGhpcywgdGhlcmUgaXMgYSBnYXAgb2YgZm91ciB5ZWFycyBpbiB0aGUgcmVj\\nb3JkLiBJbiAxNDQ4LCBoZSB3YXMgYmFjayBpbiBNYWlueiwgd2hlcmUgaGUg\\ndG9vayBvdXQgYSBsb2FuIGZyb20gaGlzIGJyb3RoZXItaW4tbGF3IEFybm9s\\nZCBHZWx0aHVzLCBxdWl0ZSBwb3NzaWJseSBmb3IgYSBwcmludGluZyBwcmVz\\ncyBvciByZWxhdGVkIHBhcmFwaGVybmFsaWEuIEJ5IHRoaXMgZGF0ZSwgR3V0\\nZW5iZXJnIG1heSBoYXZlIGJlZW4gZmFtaWxpYXIgd2l0aCBpbnRhZ2xpbyBw\\ncmludGluZzsgaXQgaXMgY2xhaW1lZCB0aGF0IGhlIGhhZCB3b3JrZWQgb24g\\nY29wcGVyIGVuZ3JhdmluZ3Mgd2l0aCBhbiBhcnRpc3Qga25vd24gYXMgdGhl\\nIE1hc3RlciBvZiBQbGF5aW5nIENhcmRzLgoKQnkgMTQ1MCwgdGhlIHByZXNz\\nIHdhcyBpbiBvcGVyYXRpb24sIGFuZCBhIEdlcm1hbiBwb2VtIGhhZCBiZWVu\\nIHByaW50ZWQsIHBvc3NpYmx5IHRoZSBmaXJzdCBpdGVtIHRvIGJlIHByaW50\\nZWQgdGhlcmUuIEd1dGVuYmVyZyB3YXMgYWJsZSB0byBjb252aW5jZSB0aGUg\\nd2VhbHRoeSBtb25leWxlbmRlciBKb2hhbm4gRnVzdCBmb3IgYSBsb2FuIG9m\\nIDgwMCBndWlsZGVycy4gUGV0ZXIgU2Now7ZmZmVyLCB3aG8gYmVjYW1lIEZ1\\nc3TigJlzIHNvbi1pbi1sYXcsIGFsc28gam9pbmVkIHRoZSBlbnRlcnByaXNl\\nLiBTY2jDtmZmZXIgaGFkIHdvcmtlZCBhcyBhIHNjcmliZSBpbiBQYXJpcyBh\\nbmQgaXMgYmVsaWV2ZWQgdG8gaGF2ZSBkZXNpZ25lZCBzb21lIG9mIHRoZSBm\\naXJzdCB0eXBlZmFjZXMuCgo8ZmlndXJlPgoJPGJsb2NrcXVvdGU+CgkJPHA+\\nQWxsIHRoYXQgaGFzIGJlZW4gd3JpdHRlbiB0byBtZSBhYm91dCB0aGF0IG1h\\ncnZlbG91cyBtYW4gc2VlbiBhdCBGcmFua2Z1cnQgaXMgdHJ1ZS4gSSBoYXZl\\nIG5vdCBzZWVuIGNvbXBsZXRlIEJpYmxlcyBidXQgb25seSBhIG51bWJlciBv\\nZiBxdWlyZXMgb2YgdmFyaW91cyBib29rcyBvZiB0aGUgQmlibGUuIFRoZSBz\\nY3JpcHQgd2FzIHZlcnkgbmVhdCBhbmQgbGVnaWJsZSwgbm90IGF0IGFsbCBk\\naWZmaWN1bHQgdG8gZm9sbG934oCUeW91ciBncmFjZSB3b3VsZCBiZSBhYmxl\\nIHRvIHJlYWQgaXQgd2l0aG91dCBlZmZvcnQsIGFuZCBpbmRlZWQgd2l0aG91\\ndCBnbGFzc2VzLjwvcD4KCQk8Zm9vdGVyPgoJCQk8Y2l0ZT7igJRGdXR1cmUg\\ncG9wZSBQaXVzIElJIGluIGEgbGV0dGVyIHRvIENhcmRpbmFsIENhcnZhamFs\\nLCBNYXJjaCAxNDU1PC9jaXRlPgoJCTwvZm9vdGVyPgoJPC9ibG9ja3F1b3Rl\\nPgo8L2ZpZ3VyZT4KCkd1dGVuYmVyZydzIHdvcmtzaG9wIHdhcyBzZXQgdXAg\\nYXQgSG9mIEh1bWJyZWNodCwgYSBwcm9wZXJ0eSBiZWxvbmdpbmcgdG8gYSBk\\naXN0YW50IHJlbGF0aXZlLiBJdCBpcyBub3QgY2xlYXIgd2hlbiBHdXRlbmJl\\ncmcgY29uY2VpdmVkIHRoZSBCaWJsZSBwcm9qZWN0LCBidXQgZm9yIHRoaXMg\\naGUgYm9ycm93ZWQgYW5vdGhlciA4MDAgZ3VpbGRlcnMgZnJvbSBGdXN0LCBh\\nbmQgd29yayBjb21tZW5jZWQgaW4gMTQ1Mi4gQXQgdGhlIHNhbWUgdGltZSwg\\ndGhlIHByZXNzIHdhcyBhbHNvIHByaW50aW5nIG90aGVyLCBtb3JlIGx1Y3Jh\\ndGl2ZSB0ZXh0cyAocG9zc2libHkgTGF0aW4gZ3JhbW1hcnMpLiBUaGVyZSBp\\ncyBhbHNvIHNvbWUgc3BlY3VsYXRpb24gdGhhdCB0aGVyZSBtYXkgaGF2ZSBi\\nZWVuIHR3byBwcmVzc2VzLCBvbmUgZm9yIHRoZSBwZWRlc3RyaWFuIHRleHRz\\nLCBhbmQgb25lIGZvciB0aGUgQmlibGUuIE9uZSBvZiB0aGUgcHJvZml0LW1h\\na2luZyBlbnRlcnByaXNlcyBvZiB0aGUgbmV3IHByZXNzIHdhcyB0aGUgcHJp\\nbnRpbmcgb2YgdGhvdXNhbmRzIG9mIGluZHVsZ2VuY2VzIGZvciB0aGUgY2h1\\ncmNoLCBkb2N1bWVudGVkIGZyb20gMTQ1NOKAkzU1LgoKSW4gMTQ1NSBHdXRl\\nbmJlcmcgY29tcGxldGVkIGhpcyA0Mi1saW5lIEJpYmxlLCBrbm93biBhcyB0\\naGUgR3V0ZW5iZXJnIEJpYmxlLiBBYm91dCAxODAgY29waWVzIHdlcmUgcHJp\\nbnRlZCwgbW9zdCBvbiBwYXBlciBhbmQgc29tZSBvbiB2ZWxsdW0uCgojIyBD\\nb3VydCBDYXNlCgpTb21lIHRpbWUgaW4gMTQ1NiwgdGhlcmUgd2FzIGEgZGlz\\ncHV0ZSBiZXR3ZWVuIEd1dGVuYmVyZyBhbmQgRnVzdCwgYW5kIEZ1c3QgZGVt\\nYW5kZWQgaGlzIG1vbmV5IGJhY2ssIGFjY3VzaW5nIEd1dGVuYmVyZyBvZiBt\\naXN1c2luZyB0aGUgZnVuZHMuIE1lYW53aGlsZSB0aGUgZXhwZW5zZXMgb2Yg\\ndGhlIEJpYmxlIHByb2plY3QgaGFkIHByb2xpZmVyYXRlZCwgYW5kIEd1dGVu\\nYmVyZydzIGRlYnQgbm93IGV4Y2VlZGVkIDIwLDAwMCBndWlsZGVycy4gRnVz\\ndCBzdWVkIGF0IHRoZSBhcmNoYmlzaG9wJ3MgY291cnQuIEEgTm92ZW1iZXIg\\nMTQ1NSBsZWdhbCBkb2N1bWVudCByZWNvcmRzIHRoYXQgdGhlcmUgd2FzIGEg\\ncGFydG5lcnNoaXAgZm9yIGEgInByb2plY3Qgb2YgdGhlIGJvb2tzLCIgdGhl\\nIGZ1bmRzIGZvciB3aGljaCBHdXRlbmJlcmcgaGFkIHVzZWQgZm9yIG90aGVy\\nIHB1cnBvc2VzLCBhY2NvcmRpbmcgdG8gRnVzdC4gVGhlIGNvdXJ0IGRlY2lk\\nZWQgaW4gZmF2b3Igb2YgRnVzdCwgZ2l2aW5nIGhpbSBjb250cm9sIG92ZXIg\\ndGhlIEJpYmxlIHByaW50aW5nIHdvcmtzaG9wIGFuZCBoYWxmIG9mIGFsbCBw\\ncmludGVkIEJpYmxlcy4KClRodXMgR3V0ZW5iZXJnIHdhcyBlZmZlY3RpdmVs\\neSBiYW5rcnVwdCwgYnV0IGl0IGFwcGVhcnMgaGUgcmV0YWluZWQgKG9yIHJl\\nLXN0YXJ0ZWQpIGEgc21hbGwgcHJpbnRpbmcgc2hvcCwgYW5kIHBhcnRpY2lw\\nYXRlZCBpbiB0aGUgcHJpbnRpbmcgb2YgYSBCaWJsZSBpbiB0aGUgdG93biBv\\nZiBCYW1iZXJnIGFyb3VuZCAxNDU5LCBmb3Igd2hpY2ggaGUgc2VlbXMgYXQg\\nbGVhc3QgdG8gaGF2ZSBzdXBwbGllZCB0aGUgdHlwZS4gQnV0IHNpbmNlIGhp\\ncyBwcmludGVkIGJvb2tzIG5ldmVyIGNhcnJ5IGhpcyBuYW1lIG9yIGEgZGF0\\nZSwgaXQgaXMgZGlmZmljdWx0IHRvIGJlIGNlcnRhaW4sIGFuZCB0aGVyZSBp\\ncyBjb25zZXF1ZW50bHkgYSBjb25zaWRlcmFibGUgc2Nob2xhcmx5IGRlYmF0\\nZSBvbiB0aGlzIHN1YmplY3QuIEl0IGlzIGFsc28gcG9zc2libGUgdGhhdCB0\\naGUgbGFyZ2UgQ2F0aG9saWNvbiBkaWN0aW9uYXJ5LCAzMDAgY29waWVzIG9m\\nIDc1NCBwYWdlcywgcHJpbnRlZCBpbiBNYWlueiBpbiAxNDYwLCBtYXkgaGF2\\nZSBiZWVuIGV4ZWN1dGVkIGluIGhpcyB3b3Jrc2hvcC4KCk1lYW53aGlsZSwg\\ndGhlIEZ1c3TigJNTY2jDtmZmZXIgc2hvcCB3YXMgdGhlIGZpcnN0IGluIEV1\\ncm9wZSB0byBicmluZyBvdXQgYSBib29rIHdpdGggdGhlIHByaW50ZXIncyBu\\nYW1lIGFuZCBkYXRlLCB0aGUgTWFpbnogUHNhbHRlciBvZiBBdWd1c3QgMTQ1\\nNywgYW5kIHdoaWxlIHByb3VkbHkgcHJvY2xhaW1pbmcgdGhlIG1lY2hhbmlj\\nYWwgcHJvY2VzcyBieSB3aGljaCBpdCBoYWQgYmVlbiBwcm9kdWNlZCwgaXQg\\nbWFkZSBubyBtZW50aW9uIG9mIEd1dGVuYmVyZy4KCiMjIExhdGVyIExpZmUK\\nCkluIDE0NjIsIGR1cmluZyBhIGNvbmZsaWN0IGJldHdlZW4gdHdvIGFyY2hi\\naXNob3BzLCBNYWlueiB3YXMgc2Fja2VkIGJ5IGFyY2hiaXNob3AgQWRvbHBo\\nIHZvbiBOYXNzYXUsIGFuZCBHdXRlbmJlcmcgd2FzIGV4aWxlZC4gQW4gb2xk\\nIG1hbiBieSBub3csIGhlIG1vdmVkIHRvIEVsdHZpbGxlIHdoZXJlIGhlIG1h\\neSBoYXZlIGluaXRpYXRlZCBhbmQgc3VwZXJ2aXNlZCBhIG5ldyBwcmludGlu\\nZyBwcmVzcyBiZWxvbmdpbmcgdG8gdGhlIGJyb3RoZXJzIEJlY2h0ZXJtw7xu\\nemUuCgpJbiBKYW51YXJ5IDE0NjUsIEd1dGVuYmVyZydzIGFjaGlldmVtZW50\\ncyB3ZXJlIHJlY29nbml6ZWQgYW5kIGhlIHdhcyBnaXZlbiB0aGUgdGl0bGUg\\nSG9mbWFubiAoZ2VudGxlbWFuIG9mIHRoZSBjb3VydCkgYnkgdm9uIE5hc3Nh\\ndS4gVGhpcyBob25vciBpbmNsdWRlZCBhIHN0aXBlbmQsIGFuIGFubnVhbCBj\\nb3VydCBvdXRmaXQsIGFzIHdlbGwgYXMgMiwxODAgbGl0cmVzIG9mIGdyYWlu\\nIGFuZCAyLDAwMCBsaXRyZXMgb2Ygd2luZSB0YXgtZnJlZS4gSXQgaXMgYmVs\\naWV2ZWQgaGUgbWF5IGhhdmUgbW92ZWQgYmFjayB0byBNYWlueiBhcm91bmQg\\ndGhpcyB0aW1lLCBidXQgdGhpcyBpcyBub3QgY2VydGFpbi4KCioqKgoKR3V0\\nZW5iZXJnIGRpZWQgaW4gMTQ2OCBhbmQgd2FzIGJ1cmllZCBpbiB0aGUgRnJh\\nbmNpc2NhbiBjaHVyY2ggYXQgTWFpbnosIGhpcyBjb250cmlidXRpb25zIGxh\\ncmdlbHkgdW5rbm93bi4gVGhpcyBjaHVyY2ggYW5kIHRoZSBjZW1ldGVyeSB3\\nZXJlIGxhdGVyIGRlc3Ryb3llZCwgYW5kIEd1dGVuYmVyZydzIGdyYXZlIGlz\\nIG5vdyBsb3N0LgoKSW4gMTUwNCwgaGUgd2FzIG1lbnRpb25lZCBhcyB0aGUg\\naW52ZW50b3Igb2YgdHlwb2dyYXBoeSBpbiBhIGJvb2sgYnkgUHJvZmVzc29y\\nIEl2byBXaXR0aWcuIEl0IHdhcyBub3QgdW50aWwgMTU2NyB0aGF0IHRoZSBm\\naXJzdCBwb3J0cmFpdCBvZiBHdXRlbmJlcmcsIGFsbW9zdCBjZXJ0YWlubHkg\\nYW4gaW1hZ2luYXJ5IHJlY29uc3RydWN0aW9uLCBhcHBlYXJlZCBpbiBIZWlu\\ncmljaCBQYW50YWxlb24ncyBiaW9ncmFwaHkgb2YgZmFtb3VzIEdlcm1hbnMu\\nCgojIyBQcmludGluZyBNZXRob2QgV2l0aCBNb3ZhYmxlIFR5cGUKCkd1dGVu\\nYmVyZydzIGVhcmx5IHByaW50aW5nIHByb2Nlc3MsIGFuZCB3aGF0IHRlc3Rz\\nIGhlIG1heSBoYXZlIG1hZGUgd2l0aCBtb3ZhYmxlIHR5cGUsIGFyZSBub3Qg\\na25vd24gaW4gZ3JlYXQgZGV0YWlsLiBIaXMgbGF0ZXIgQmlibGVzIHdlcmUg\\ncHJpbnRlZCBpbiBzdWNoIGEgd2F5IGFzIHRvIGhhdmUgcmVxdWlyZWQgbGFy\\nZ2UgcXVhbnRpdGllcyBvZiB0eXBlLCBzb21lIGVzdGltYXRlcyBzdWdnZXN0\\naW5nIGFzIG1hbnkgYXMgMTAwLDAwMCBpbmRpdmlkdWFsIHNvcnRzLiBTZXR0\\naW5nIGVhY2ggcGFnZSB3b3VsZCB0YWtlLCBwZXJoYXBzLCBoYWxmIGEgZGF5\\nLCBhbmQgY29uc2lkZXJpbmcgYWxsIHRoZSB3b3JrIGluIGxvYWRpbmcgdGhl\\nIHByZXNzLCBpbmtpbmcgdGhlIHR5cGUsIHB1bGxpbmcgdGhlIGltcHJlc3Np\\nb25zLCBoYW5naW5nIHVwIHRoZSBzaGVldHMsIGRpc3RyaWJ1dGluZyB0aGUg\\ndHlwZSwgZXRjLiwgaXQgaXMgdGhvdWdodCB0aGF0IHRoZSBHdXRlbmJlcmfi\\ngJNGdXN0IHNob3AgbWlnaHQgaGF2ZSBlbXBsb3llZCBhcyBtYW55IGFzIDI1\\nIGNyYWZ0c21lbi4KCiFbTW92YWJsZSBtZXRhbCB0eXBlLCBhbmQgY29tcG9z\\naW5nIHN0aWNrLCBkZXNjZW5kZWQgZnJvbSBHdXRlbmJlcmcncyBwcmVzcy4g\\nUGhvdG8gYnkgV2lsbGkgSGVpZGVsYmFjaC4gTGljZW5zZWQgdW5kZXIgQ0Mg\\nQlkgMi41XSgvbWVkaWEvbW92YWJsZS10eXBlLmpwZykKCipNb3ZhYmxlIG1l\\ndGFsIHR5cGUsIGFuZCBjb21wb3Npbmcgc3RpY2ssIGRlc2NlbmRlZCBmcm9t\\nIEd1dGVuYmVyZydzIHByZXNzLiBQaG90byBieSBXaWxsaSBIZWlkZWxiYWNo\\nLiBMaWNlbnNlZCB1bmRlciBDQyBCWSAyLjUqCgpHdXRlbmJlcmcncyB0ZWNo\\nbmlxdWUgb2YgbWFraW5nIG1vdmFibGUgdHlwZSByZW1haW5zIHVuY2xlYXIu\\nIEluIHRoZSBmb2xsb3dpbmcgZGVjYWRlcywgcHVuY2hlcyBhbmQgY29wcGVy\\nIG1hdHJpY2VzIGJlY2FtZSBzdGFuZGFyZGl6ZWQgaW4gdGhlIHJhcGlkbHkg\\nZGlzc2VtaW5hdGluZyBwcmludGluZyBwcmVzc2VzIGFjcm9zcyBFdXJvcGUu\\nIFdoZXRoZXIgR3V0ZW5iZXJnIHVzZWQgdGhpcyBzb3BoaXN0aWNhdGVkIHRl\\nY2huaXF1ZSBvciBhIHNvbWV3aGF0IHByaW1pdGl2ZSB2ZXJzaW9uIGhhcyBi\\nZWVuIHRoZSBzdWJqZWN0IG9mIGNvbnNpZGVyYWJsZSBkZWJhdGUuCgpJbiB0\\naGUgc3RhbmRhcmQgcHJvY2VzcyBvZiBtYWtpbmcgdHlwZSwgYSBoYXJkIG1l\\ndGFsIHB1bmNoIChtYWRlIGJ5IHB1bmNoY3V0dGluZywgd2l0aCB0aGUgbGV0\\ndGVyIGNhcnZlZCBiYWNrIHRvIGZyb250KSBpcyBoYW1tZXJlZCBpbnRvIGEg\\nc29mdGVyIGNvcHBlciBiYXIsIGNyZWF0aW5nIGEgbWF0cml4LiBUaGlzIGlz\\nIHRoZW4gcGxhY2VkIGludG8gYSBoYW5kLWhlbGQgbW91bGQgYW5kIGEgcGll\\nY2Ugb2YgdHlwZSwgb3IgInNvcnQiLCBpcyBjYXN0IGJ5IGZpbGxpbmcgdGhl\\nIG1vdWxkIHdpdGggbW9sdGVuIHR5cGUtbWV0YWw7IHRoaXMgY29vbHMgYWxt\\nb3N0IGF0IG9uY2UsIGFuZCB0aGUgcmVzdWx0aW5nIHBpZWNlIG9mIHR5cGUg\\nY2FuIGJlIHJlbW92ZWQgZnJvbSB0aGUgbW91bGQuIFRoZSBtYXRyaXggY2Fu\\nIGJlIHJldXNlZCB0byBjcmVhdGUgaHVuZHJlZHMsIG9yIHRob3VzYW5kcywg\\nb2YgaWRlbnRpY2FsIHNvcnRzIHNvIHRoYXQgdGhlIHNhbWUgY2hhcmFjdGVy\\nIGFwcGVhcmluZyBhbnl3aGVyZSB3aXRoaW4gdGhlIGJvb2sgd2lsbCBhcHBl\\nYXIgdmVyeSB1bmlmb3JtLCBnaXZpbmcgcmlzZSwgb3ZlciB0aW1lLCB0byB0\\naGUgZGV2ZWxvcG1lbnQgb2YgZGlzdGluY3Qgc3R5bGVzIG9mIHR5cGVmYWNl\\ncyBvciBmb250cy4gQWZ0ZXIgY2FzdGluZywgdGhlIHNvcnRzIGFyZSBhcnJh\\nbmdlZCBpbnRvIHR5cGUtY2FzZXMsIGFuZCB1c2VkIHRvIG1ha2UgdXAgcGFn\\nZXMgd2hpY2ggYXJlIGlua2VkIGFuZCBwcmludGVkLCBhIHByb2NlZHVyZSB3\\naGljaCBjYW4gYmUgcmVwZWF0ZWQgaHVuZHJlZHMsIG9yIHRob3VzYW5kcywg\\nb2YgdGltZXMuIFRoZSBzb3J0cyBjYW4gYmUgcmV1c2VkIGluIGFueSBjb21i\\naW5hdGlvbiwgZWFybmluZyB0aGUgcHJvY2VzcyB0aGUgbmFtZSBvZiDigJxt\\nb3ZhYmxlIHR5cGXigJ0uCgpUaGUgaW52ZW50aW9uIG9mIHRoZSBtYWtpbmcg\\nb2YgdHlwZXMgd2l0aCBwdW5jaCwgbWF0cml4IGFuZCBtb2xkIGhhcyBiZWVu\\nIHdpZGVseSBhdHRyaWJ1dGVkIHRvIEd1dGVuYmVyZy4gSG93ZXZlciwgcmVj\\nZW50IGV2aWRlbmNlIHN1Z2dlc3RzIHRoYXQgR3V0ZW5iZXJnJ3MgcHJvY2Vz\\ncyB3YXMgc29tZXdoYXQgZGlmZmVyZW50LiBJZiBoZSB1c2VkIHRoZSBwdW5j\\naCBhbmQgbWF0cml4IGFwcHJvYWNoLCBhbGwgaGlzIGxldHRlcnMgc2hvdWxk\\nIGhhdmUgYmVlbiBuZWFybHkgaWRlbnRpY2FsLCB3aXRoIHNvbWUgdmFyaWF0\\naW9ucyBkdWUgdG8gbWlzY2FzdGluZyBhbmQgaW5raW5nLiBIb3dldmVyLCB0\\naGUgdHlwZSB1c2VkIGluIEd1dGVuYmVyZydzIGVhcmxpZXN0IHdvcmsgc2hv\\nd3Mgb3RoZXIgdmFyaWF0aW9ucy4KCjxmaWd1cmU+Cgk8YmxvY2txdW90ZT4K\\nCQk8cD5JdCBpcyBhIHByZXNzLCBjZXJ0YWlubHksIGJ1dCBhIHByZXNzIGZy\\nb20gd2hpY2ggc2hhbGwgZmxvdyBpbiBpbmV4aGF1c3RpYmxlIHN0cmVhbXPi\\ngKYgVGhyb3VnaCBpdCwgZ29kIHdpbGwgc3ByZWFkIGhpcyB3b3JkLjwvcD4K\\nCQk8Zm9vdGVyPgoJCQk8Y2l0ZT7igJRKb2hhbm5lcyBHdXRlbmJlcmc8L2Np\\ndGU+CgkJPC9mb290ZXI+Cgk8L2Jsb2NrcXVvdGU+CjwvZmlndXJlPgoKSW4g\\nMjAwMSwgdGhlIHBoeXNpY2lzdCBCbGFpc2UgQWfDvGVyYSB5IEFyY2FzIGFu\\nZCBQcmluY2V0b24gbGlicmFyaWFuIFBhdWwgTmVlZGhhbSwgdXNlZCBkaWdp\\ndGFsIHNjYW5zIG9mIGEgUGFwYWwgYnVsbCBpbiB0aGUgU2NoZWlkZSBMaWJy\\nYXJ5LCBQcmluY2V0b24sIHRvIGNhcmVmdWxseSBjb21wYXJlIHRoZSBzYW1l\\nIGxldHRlcnMgKHR5cGVzKSBhcHBlYXJpbmcgaW4gZGlmZmVyZW50IHBhcnRz\\nIG9mIHRoZSBwcmludGVkIHRleHQuIFRoZSBpcnJlZ3VsYXJpdGllcyBpbiBH\\ndXRlbmJlcmcncyB0eXBlLCBwYXJ0aWN1bGFybHkgaW4gc2ltcGxlIGNoYXJh\\nY3RlcnMgc3VjaCBhcyB0aGUgaHlwaGVuLCBzdWdnZXN0ZWQgdGhhdCB0aGUg\\ndmFyaWF0aW9ucyBjb3VsZCBub3QgaGF2ZSBjb21lIGZyb20gZWl0aGVyIGlu\\nayBzbWVhciBvciBmcm9tIHdlYXIgYW5kIGRhbWFnZSBvbiB0aGUgcGllY2Vz\\nIG9mIG1ldGFsIG9uIHRoZSB0eXBlcyB0aGVtc2VsdmVzLiBXaGlsZSBzb21l\\nIGlkZW50aWNhbCB0eXBlcyBhcmUgY2xlYXJseSB1c2VkIG9uIG90aGVyIHBh\\nZ2VzLCBvdGhlciB2YXJpYXRpb25zLCBzdWJqZWN0ZWQgdG8gZGV0YWlsZWQg\\naW1hZ2UgYW5hbHlzaXMsIHN1Z2dlc3RlZCB0aGF0IHRoZXkgY291bGQgbm90\\nIGhhdmUgYmVlbiBwcm9kdWNlZCBmcm9tIHRoZSBzYW1lIG1hdHJpeC4gVHJh\\nbnNtaXR0ZWQgbGlnaHQgcGljdHVyZXMgb2YgdGhlIHBhZ2UgYWxzbyBhcHBl\\nYXJlZCB0byByZXZlYWwgc3Vic3RydWN0dXJlcyBpbiB0aGUgdHlwZSB0aGF0\\nIGNvdWxkIG5vdCBhcmlzZSBmcm9tIHRyYWRpdGlvbmFsIHB1bmNoY3V0dGlu\\nZyB0ZWNobmlxdWVzLiBUaGV5IGh5cG90aGVzaXplZCB0aGF0IHRoZSBtZXRo\\nb2QgbWF5IGhhdmUgaW52b2x2ZWQgaW1wcmVzc2luZyBzaW1wbGUgc2hhcGVz\\nIHRvIGNyZWF0ZSBhbHBoYWJldHMgaW4g4oCcY3VuZWlmb3Jt4oCdIHN0eWxl\\nIGluIGEgbWF0cml4IG1hZGUgb2Ygc29tZSBzb2Z0IG1hdGVyaWFsLCBwZXJo\\nYXBzIHNhbmQuIENhc3RpbmcgdGhlIHR5cGUgd291bGQgZGVzdHJveSB0aGUg\\nbW91bGQsIGFuZCB0aGUgbWF0cml4IHdvdWxkIG5lZWQgdG8gYmUgcmVjcmVh\\ndGVkIHRvIG1ha2UgZWFjaCBhZGRpdGlvbmFsIHNvcnQuIFRoaXMgY291bGQg\\nZXhwbGFpbiB0aGUgdmFyaWF0aW9ucyBpbiB0aGUgdHlwZSwgYXMgd2VsbCBh\\ncyB0aGUgc3Vic3RydWN0dXJlcyBvYnNlcnZlZCBpbiB0aGUgcHJpbnRlZCBp\\nbWFnZXMuCgpUaHVzLCB0aGV5IGZlZWwgdGhhdCDigJx0aGUgZGVjaXNpdmUg\\nZmFjdG9yIGZvciB0aGUgYmlydGggb2YgdHlwb2dyYXBoeeKAnSwgdGhlIHVz\\nZSBvZiByZXVzYWJsZSBtb3VsZHMgZm9yIGNhc3RpbmcgdHlwZSwgbWlnaHQg\\naGF2ZSBiZWVuIGEgbW9yZSBwcm9ncmVzc2l2ZSBwcm9jZXNzIHRoYW4gd2Fz\\nIHByZXZpb3VzbHkgdGhvdWdodC4gVGhleSBzdWdnZXN0IHRoYXQgdGhlIGFk\\nZGl0aW9uYWwgc3RlcCBvZiB1c2luZyB0aGUgcHVuY2ggdG8gY3JlYXRlIGEg\\nbW91bGQgdGhhdCBjb3VsZCBiZSByZXVzZWQgbWFueSB0aW1lcyB3YXMgbm90\\nIHRha2VuIHVudGlsIHR3ZW50eSB5ZWFycyBsYXRlciwgaW4gdGhlIDE0NzBz\\nLiBPdGhlcnMgaGF2ZSBub3QgYWNjZXB0ZWQgc29tZSBvciBhbGwgb2YgdGhl\\naXIgc3VnZ2VzdGlvbnMsIGFuZCBoYXZlIGludGVycHJldGVkIHRoZSBldmlk\\nZW5jZSBpbiBvdGhlciB3YXlzLCBhbmQgdGhlIHRydXRoIG9mIHRoZSBtYXR0\\nZXIgcmVtYWlucyB2ZXJ5IHVuY2VydGFpbi4KCkEgMTU2OCBoaXN0b3J5IGJ5\\nIEhhZHJpYW51cyBKdW5pdXMgb2YgSG9sbGFuZCBjbGFpbXMgdGhhdCB0aGUg\\nYmFzaWMgaWRlYSBvZiB0aGUgbW92YWJsZSB0eXBlIGNhbWUgdG8gR3V0ZW5i\\nZXJnIGZyb20gTGF1cmVucyBKYW5zem9vbiBDb3N0ZXIgdmlhIEZ1c3QsIHdo\\nbyB3YXMgYXBwcmVudGljZWQgdG8gQ29zdGVyIGluIHRoZSAxNDMwcyBhbmQg\\nbWF5IGhhdmUgYnJvdWdodCBzb21lIG9mIGhpcyBlcXVpcG1lbnQgZnJvbSBI\\nYWFybGVtIHRvIE1haW56LiBXaGlsZSBDb3N0ZXIgYXBwZWFycyB0byBoYXZl\\nIGV4cGVyaW1lbnRlZCB3aXRoIG1vdWxkcyBhbmQgY2FzdGFibGUgbWV0YWwg\\ndHlwZSwgdGhlcmUgaXMgbm8gZXZpZGVuY2UgdGhhdCBoZSBoYWQgYWN0dWFs\\nbHkgcHJpbnRlZCBhbnl0aGluZyB3aXRoIHRoaXMgdGVjaG5vbG9neS4gSGUg\\nd2FzIGFuIGludmVudG9yIGFuZCBhIGdvbGRzbWl0aC4gSG93ZXZlciwgdGhl\\ncmUgaXMgb25lIGluZGlyZWN0IHN1cHBvcnRlciBvZiB0aGUgY2xhaW0gdGhh\\ndCBDb3N0ZXIgbWlnaHQgYmUgdGhlIGludmVudG9yLiBUaGUgYXV0aG9yIG9m\\nIHRoZSBDb2xvZ25lIENocm9uaWNsZSBvZiAxNDk5IHF1b3RlcyBVbHJpY2gg\\nWmVsbCwgdGhlIGZpcnN0IHByaW50ZXIgb2YgQ29sb2duZSwgdGhhdCBwcmlu\\ndGluZyB3YXMgcGVyZm9ybWVkIGluIE1haW56IGluIDE0NTAsIGJ1dCB0aGF0\\nIHNvbWUgdHlwZSBvZiBwcmludGluZyBvZiBsb3dlciBxdWFsaXR5IGhhZCBw\\ncmV2aW91c2x5IG9jY3VycmVkIGluIHRoZSBOZXRoZXJsYW5kcy4gSG93ZXZl\\nciwgdGhlIGNocm9uaWNsZSBkb2VzIG5vdCBtZW50aW9uIHRoZSBuYW1lIG9m\\nIENvc3Rlciwgd2hpbGUgaXQgYWN0dWFsbHkgY3JlZGl0cyBHdXRlbmJlcmcg\\nYXMgdGhlICJmaXJzdCBpbnZlbnRvciBvZiBwcmludGluZyIgaW4gdGhlIHZl\\ncnkgc2FtZSBwYXNzYWdlIChmb2wuIDMxMikuIFRoZSBmaXJzdCBzZWN1cmVs\\neSBkYXRlZCBib29rIGJ5IER1dGNoIHByaW50ZXJzIGlzIGZyb20gMTQ3MSwg\\nYW5kIHRoZSBDb3N0ZXIgY29ubmVjdGlvbiBpcyB0b2RheSByZWdhcmRlZCBh\\ncyBhIG1lcmUgbGVnZW5kLgoKVGhlIDE5dGggY2VudHVyeSBwcmludGVyIGFu\\nZCB0eXBlZm91bmRlciBGb3VybmllciBMZSBKZXVuZSBzdWdnZXN0ZWQgdGhh\\ndCBHdXRlbmJlcmcgbWlnaHQgbm90IGhhdmUgYmVlbiB1c2luZyB0eXBlIGNh\\nc3Qgd2l0aCBhIHJldXNhYmxlIG1hdHJpeCwgYnV0IHBvc3NpYmx5IHdvb2Rl\\nbiB0eXBlcyB0aGF0IHdlcmUgY2FydmVkIGluZGl2aWR1YWxseS4gQSBzaW1p\\nbGFyIHN1Z2dlc3Rpb24gd2FzIG1hZGUgYnkgTmFzaCBpbiAyMDA0LiBUaGlz\\nIHJlbWFpbnMgcG9zc2libGUsIGFsYmVpdCBlbnRpcmVseSB1bnByb3Zlbi4K\\nCkl0IGhhcyBhbHNvIGJlZW4gcXVlc3Rpb25lZCB3aGV0aGVyIEd1dGVuYmVy\\nZyB1c2VkIG1vdmFibGUgdHlwZXMgYXQgYWxsLiBJbiAyMDA0LCBJdGFsaWFu\\nIHByb2Zlc3NvciBCcnVubyBGYWJiaWFuaSBjbGFpbWVkIHRoYXQgZXhhbWlu\\nYXRpb24gb2YgdGhlIDQyLWxpbmUgQmlibGUgcmV2ZWFsZWQgYW4gb3Zlcmxh\\ncHBpbmcgb2YgbGV0dGVycywgc3VnZ2VzdGluZyB0aGF0IEd1dGVuYmVyZyBk\\naWQgbm90IGluIGZhY3QgdXNlIG1vdmFibGUgdHlwZSAoaW5kaXZpZHVhbCBj\\nYXN0IGNoYXJhY3RlcnMpIGJ1dCByYXRoZXIgdXNlZCB3aG9sZSBwbGF0ZXMg\\nbWFkZSBmcm9tIGEgc3lzdGVtIHNvbWV3aGF0IGxpa2UgYSBtb2Rlcm4gdHlw\\nZXdyaXRlciwgd2hlcmVieSB0aGUgbGV0dGVycyB3ZXJlIHN0YW1wZWQgc3Vj\\nY2Vzc2l2ZWx5IGludG8gdGhlIHBsYXRlIGFuZCB0aGVuIHByaW50ZWQuIEhv\\nd2V2ZXIsIG1vc3Qgc3BlY2lhbGlzdHMgcmVnYXJkIHRoZSBvY2Nhc2lvbmFs\\nIG92ZXJsYXBwaW5nIG9mIHR5cGUgYXMgY2F1c2VkIGJ5IHBhcGVyIG1vdmVt\\nZW50IG92ZXIgcGllY2VzIG9mIHR5cGUgb2Ygc2xpZ2h0bHkgdW5lcXVhbCBo\\nZWlnaHQu\\n\",\n  \"encoding\": \"base64\"\n}\n",
    "status": 200
  },
  {
    "method": "GET",
    "url": "/.netlify/git/github/commits?path=content/posts/2016-01-09---Perfecting-the-Art-of-Perfection.md&sha=master",
    "headers": {
      "Access-Control-Allow-Credentials": "true",
      "Access-Control-Allow-Origin": "http://localhost:8080",
      "Access-Control-Expose-Headers": "ETag, Link, Location, Retry-After, X-GitHub-OTP, X-RateLimit-Limit, X-RateLimit-Remaining, X-RateLimit-Reset, X-OAuth-Scopes, X-Accepted-OAuth-Scopes, X-Poll-Interval, X-GitHub-Media-Type, Deprecation, Sunset",
      "Alt-Svc": "clear",
      "Cache-Control": "private, max-age=60, s-maxage=60",
      "Content-Security-Policy": "default-src 'none'",
      "Content-Type": "application/json; charset=utf-8",
      "Referrer-Policy": "origin-when-cross-origin, strict-origin-when-cross-origin",
      "Server": "Netlify",
      "Strict-Transport-Security": "max-age=31536000; includeSubdomains; preload",
      "Via": "1.1 google",
      "X-Accepted-Oauth-Scopes": "",
      "X-Content-Type-Options": "nosniff",
      "X-Frame-Options": "deny",
      "X-Github-Media-Type": "github.v3; format=json",
      "X-Oauth-Scopes": "delete_repo, repo",
      "X-Ratelimit-Limit": "5000",
      "X-Xss-Protection": "1; mode=block",
      "Age": "0",
      "Connection": "keep-alive",
      "Vary": "Origin,Accept,Authorization,Cookie,X-GitHub-OTP,Accept-Encoding,Accept,X-Requested-With",
      "content-length": "4828"
    },
    "response": "[\n  {\n    \"sha\": \"2bc3fa39d8adb9e008e52793854338399fc6e4ad\",\n    \"node_id\": \"MDY6Q29tbWl0MjU1MDYzOTU4OjJiYzNmYTM5ZDhhZGI5ZTAwOGU1Mjc5Mzg1NDMzODM5OWZjNmU0YWQ=\",\n    \"commit\": {\n      \"author\": {\n        \"name\": \"owner\",\n        \"email\": \"owner@users.noreply.github.com\",\n        \"date\": \"2019-07-24T07:45:32Z\"\n      },\n      \"committer\": {\n        \"name\": \"owner\",\n        \"email\": \"owner@users.noreply.github.com\",\n        \"date\": \"2019-07-24T07:45:32Z\"\n      },\n      \"message\": \"initial commit\",\n      \"tree\": {\n        \"sha\": \"3d53c60def5d9f9ad79a534dd369f758763d9dc9\",\n        \"url\": \"https://api.github.com/repos/owner/repo/git/trees/3d53c60def5d9f9ad79a534dd369f758763d9dc9\"\n      },\n      \"url\": \"https://api.github.com/repos/owner/repo/git/commits/2bc3fa39d8adb9e008e52793854338399fc6e4ad\",\n      \"comment_count\": 0,\n      \"verification\": {\n        \"verified\": true,\n        \"reason\": \"valid\",\n        \"signature\": \"-----BEGIN PGP SIGNATURE-----\\n\\niQIzBAABCgAdFiEE8DeG71n37ZpuxjiNA05FmC/LkwQFAl04DJwACgkQA05FmC/L\\nkwQ5kg//TB2c1HvsD/r7x3CgKmR+uaEFGrv9srfA4/i/dbDSAg3+kpPXfGg0FCUw\\nETlWDpZRhFvLZzoxy5w46P1cLvpbdEXK47LWpsFYWFtCFGKmvaY5dZ/ma1J3HF5R\\n7Yll5jz8BKrWOZ6bOswP7nNteAFYfLiZxJq4ONbhxOyRJA7bFmg6Ydo2Zc27Gg54\\n6umhONf9DxuzL0z0f8qtHiz47KJTRdFS+ZL/Mq3iCE11SGHvjK0cnPq0Z6TBtazt\\nqszoR0Frxes4MsjI82+ovCP+RtpqerWeN/ciYoLENsnUb8Xbp/qdhrLoMvuFExz2\\n0f0M7zVI1Z9d4cDTQlembVneSv5sSeNtnk2e7BXLwjUNFVxB67aslVUyL41V0BMu\\nUw8+j9pNhObpicJs9O1fIkL84mtCSMWIyuCwDpSMSj2b892laBOKu/E5D+YuaHi5\\nbAJJ1/Szig0CzeI1KbIBoWDI1orpkSUU+4Fvk7qJnxP9iLJLwiNCFKfNKA1KeXmP\\nIK6/95HmKNJ8MfTEkRcgIdTe4fx2ib2hHGiaIAD0r4FgWxfC2BWK/uTUp8HtIQre\\nDILGnF1laIcJbyP7asvc8iJ06Kk8C9PsH4v20fqoyNcei7v0IJG2m9AHVDnb0t6L\\nAa1yXEHQLSGHS9Y0mogLPW/tZnV69EHRI1dzvH/1gDVlBMwM1/A=\\n=hLDv\\n-----END PGP SIGNATURE-----\",\n        \"payload\": \"tree 3d53c60def5d9f9ad79a534dd369f758763d9dc9\\nauthor owner <owner@users.noreply.github.com> 1563954332 +0300\\ncommitter owner <owner@users.noreply.github.com> 1563954332 +0300\\n\\ninitial commit\\n\"\n      }\n    },\n    \"url\": \"https://api.github.com/repos/owner/repo/commits/2bc3fa39d8adb9e008e52793854338399fc6e4ad\",\n    \"html_url\": \"https://github.com/owner/repo/commit/2bc3fa39d8adb9e008e52793854338399fc6e4ad\",\n    \"comments_url\": \"https://api.github.com/repos/owner/repo/commits/2bc3fa39d8adb9e008e52793854338399fc6e4ad/comments\",\n    \"author\": {\n      \"login\": \"owner\",\n      \"id\": 26760571,\n      \"node_id\": \"MDQ6VXNlcjI2NzYwNTcx\",\n      \"avatar_url\": \"https://avatars1.githubusercontent.com/u/7892489?v=4\",\n      \"gravatar_id\": \"\",\n      \"url\": \"https://api.github.com/users/owner\",\n      \"html_url\": \"https://github.com/owner\",\n      \"followers_url\": \"https://api.github.com/users/owner/followers\",\n      \"following_url\": \"https://api.github.com/users/owner/following{/other_user}\",\n      \"gists_url\": \"https://api.github.com/users/owner/gists{/gist_id}\",\n      \"starred_url\": \"https://api.github.com/users/owner/starred{/owner}{/repo}\",\n      \"subscriptions_url\": \"https://api.github.com/users/owner/subscriptions\",\n      \"organizations_url\": \"https://api.github.com/users/owner/orgs\",\n      \"repos_url\": \"https://api.github.com/users/owner/repos\",\n      \"events_url\": \"https://api.github.com/users/owner/events{/privacy}\",\n      \"received_events_url\": \"https://api.github.com/users/owner/received_events\",\n      \"type\": \"User\",\n      \"site_admin\": false\n    },\n    \"committer\": {\n      \"login\": \"owner\",\n      \"id\": 26760571,\n      \"node_id\": \"MDQ6VXNlcjI2NzYwNTcx\",\n      \"avatar_url\": \"https://avatars1.githubusercontent.com/u/7892489?v=4\",\n      \"gravatar_id\": \"\",\n      \"url\": \"https://api.github.com/users/owner\",\n      \"html_url\": \"https://github.com/owner\",\n      \"followers_url\": \"https://api.github.com/users/owner/followers\",\n      \"following_url\": \"https://api.github.com/users/owner/following{/other_user}\",\n      \"gists_url\": \"https://api.github.com/users/owner/gists{/gist_id}\",\n      \"starred_url\": \"https://api.github.com/users/owner/starred{/owner}{/repo}\",\n      \"subscriptions_url\": \"https://api.github.com/users/owner/subscriptions\",\n      \"organizations_url\": \"https://api.github.com/users/owner/orgs\",\n      \"repos_url\": \"https://api.github.com/users/owner/repos\",\n      \"events_url\": \"https://api.github.com/users/owner/events{/privacy}\",\n      \"received_events_url\": \"https://api.github.com/users/owner/received_events\",\n      \"type\": \"User\",\n      \"site_admin\": false\n    },\n    \"parents\": [\n\n    ]\n  }\n]\n",
    "status": 200
  },
  {
    "method": "GET",
    "url": "/.netlify/git/github/git/blobs/a532f0a9445cdf90a19c6812cff89d1674991774",
    "headers": {
      "Access-Control-Allow-Credentials": "true",
      "Access-Control-Allow-Origin": "http://localhost:8080",
      "Access-Control-Expose-Headers": "ETag, Link, Location, Retry-After, X-GitHub-OTP, X-RateLimit-Limit, X-RateLimit-Remaining, X-RateLimit-Reset, X-OAuth-Scopes, X-Accepted-OAuth-Scopes, X-Poll-Interval, X-GitHub-Media-Type, Deprecation, Sunset",
      "Alt-Svc": "clear",
      "Cache-Control": "private, max-age=60, s-maxage=60",
      "Content-Security-Policy": "default-src 'none'",
      "Content-Type": "application/json; charset=utf-8",
      "Referrer-Policy": "origin-when-cross-origin, strict-origin-when-cross-origin",
      "Server": "Netlify",
      "Strict-Transport-Security": "max-age=31536000; includeSubdomains; preload",
      "Via": "1.1 google",
      "X-Accepted-Oauth-Scopes": "",
      "X-Content-Type-Options": "nosniff",
      "X-Frame-Options": "deny",
      "X-Github-Media-Type": "github.v3; format=json",
      "X-Oauth-Scopes": "delete_repo, repo",
      "X-Ratelimit-Limit": "5000",
      "X-Xss-Protection": "1; mode=block",
      "Age": "0",
      "Connection": "keep-alive",
      "Vary": "Origin,Accept,Authorization,Cookie,X-GitHub-OTP,Accept-Encoding,Accept,X-Requested-With",
      "content-length": "10650"
    },
    "response": "{\n  \"sha\": \"a532f0a9445cdf90a19c6812cff89d1674991774\",\n  \"node_id\": \"MDQ6QmxvYjI1NTA2Mzk1ODphNTMyZjBhOTQ0NWNkZjkwYTE5YzY4MTJjZmY4OWQxNjc0OTkxNzc0\",\n  \"size\": 7465,\n  \"url\": \"https://api.github.com/repos/owner/repo/git/blobs/a532f0a9445cdf90a19c6812cff89d1674991774\",\n  \"content\": \"LS0tCnRpdGxlOiBIdW1hbmUgVHlwb2dyYXBoeSBpbiB0aGUgRGlnaXRhbCBB\\nZ2UKZGF0ZTogIjIwMTctMDgtMTlUMjI6NDA6MzIuMTY5WiIKdGVtcGxhdGU6\\nICJwb3N0IgpkcmFmdDogZmFsc2UKY2F0ZWdvcnk6ICJUeXBvZ3JhcGh5Igp0\\nYWdzOgogIC0gIkRlc2lnbiIKICAtICJUeXBvZ3JhcGh5IgogIC0gIldlYiBE\\nZXZlbG9wbWVudCIKZGVzY3JpcHRpb246ICJBbiBFc3NheSBvbiBUeXBvZ3Jh\\ncGh5IGJ5IEVyaWMgR2lsbCB0YWtlcyB0aGUgcmVhZGVyIGJhY2sgdG8gdGhl\\nIHllYXIgMTkzMC4gVGhlIHllYXIgd2hlbiBhIGNvbmZsaWN0IGJldHdlZW4g\\ndHdvIHdvcmxkcyBjYW1lIHRvIGl0cyB0ZXJtLiBUaGUgbWFjaGluZXMgb2Yg\\ndGhlIGluZHVzdHJpYWwgd29ybGQgZmluYWxseSB0b29rIG92ZXIgdGhlIGhh\\nbmRpY3JhZnRzLiIKY2Fub25pY2FsOiAnJwotLS0KCi0gW1RoZSBmaXJzdCB0\\ncmFuc2l0aW9uXSgjdGhlLWZpcnN0LXRyYW5zaXRpb24pCi0gW1RoZSBkaWdp\\ndGFsIGFnZV0oI3RoZS1kaWdpdGFsLWFnZSkKLSBbTG9zcyBvZiBodW1hbml0\\neSB0aHJvdWdoIHRyYW5zaXRpb25zXSgjbG9zcy1vZi1odW1hbml0eS10aHJv\\ndWdoLXRyYW5zaXRpb25zKQotIFtDaGFzaW5nIHBlcmZlY3Rpb25dKCNjaGFz\\naW5nLXBlcmZlY3Rpb24pCgpBbiBFc3NheSBvbiBUeXBvZ3JhcGh5IGJ5IEVy\\naWMgR2lsbCB0YWtlcyB0aGUgcmVhZGVyIGJhY2sgdG8gdGhlIHllYXIgMTkz\\nMC4gVGhlIHllYXIgd2hlbiBhIGNvbmZsaWN0IGJldHdlZW4gdHdvIHdvcmxk\\ncyBjYW1lIHRvIGl0cyB0ZXJtLiBUaGUgbWFjaGluZXMgb2YgdGhlIGluZHVz\\ndHJpYWwgd29ybGQgZmluYWxseSB0b29rIG92ZXIgdGhlIGhhbmRpY3JhZnRz\\nLgoKVGhlIHR5cG9ncmFwaHkgb2YgdGhpcyBpbmR1c3RyaWFsIGFnZSB3YXMg\\nbm8gbG9uZ2VyIGhhbmRjcmFmdGVkLiBNYXNzIHByb2R1Y3Rpb24gYW5kIHBy\\nb2ZpdCBiZWNhbWUgbW9yZSBpbXBvcnRhbnQuIFF1YW50aXR5IG1hdHRlcmVk\\nIG1vcmUgdGhhbiB0aGUgcXVhbGl0eS4gVGhlIGJvb2tzIGFuZCBwcmludGVk\\nIHdvcmtzIGluIGdlbmVyYWwgbG9zdCBhIHBhcnQgb2YgaXRzIGh1bWFuaXR5\\nLiBUaGUgdHlwZWZhY2VzIHdlcmUgbm90IHByb2R1Y2VkIGJ5IGNyYWZ0c21l\\nbiBhbnltb3JlLiBJdCB3YXMgdGhlIG1hY2hpbmVzIHByaW50aW5nIGFuZCB0\\neWluZyB0aGUgYm9va3MgdG9nZXRoZXIgbm93LiBUaGUgY3JhZnRzbWVuIGhh\\nZCB0byBsZXQgZ28gb2YgdGhlaXIgY3JhZnQgYW5kIGJlY2FtZSBhIGNvZyBp\\nbiB0aGUgcHJvY2Vzcy4gQW4gZXh0ZW5zaW9uIG9mIHRoZSBpbmR1c3RyaWFs\\nIG1hY2hpbmUuCgpCdXQgdGhlIHZpY3Rvcnkgb2YgdGhlIGluZHVzdHJpYWxp\\nc20gZGlkbuKAmXQgbWVhbiB0aGF0IHRoZSBjcmFmdHNtZW4gd2VyZSBjb21w\\nbGV0ZWx5IGV4dGluY3QuIFRoZSB0d28gd29ybGRzIGNvbnRpbnVlZCB0byBj\\nb2V4aXN0IGluZGVwZW5kZW50bHkuIEVhY2ggcmVjb2duaXNpbmcgdGhlIGdv\\nb2QgaW4gdGhlIG90aGVyIOKAlCB0aGUgcG93ZXIgb2YgaW5kdXN0cmlhbGlz\\nbSBhbmQgdGhlIGh1bWFuaXR5IG9mIGNyYWZ0c21hbnNoaXAuIFRoaXMgd2Fz\\nIHRoZSBzZWNvbmQgdHJhbnNpdGlvbiB0aGF0IHdvdWxkIHN0cmlwIHR5cG9n\\ncmFwaHkgb2YgYSBwYXJ0IG9mIGl0cyBodW1hbml0eS4gV2UgaGF2ZSB0byBn\\nbyA1MDAgeWVhcnMgYmFjayBpbiB0aW1lIHRvIG1lZXQgdGhlIGZpcnN0IG9u\\nZS4KCiMjIFRoZSBmaXJzdCB0cmFuc2l0aW9uCgpBIHNpbWlsYXIgY29uZmxp\\nY3QgZW1lcmdlZCBhZnRlciB0aGUgaW52ZW50aW9uIG9mIHRoZSBmaXJzdCBw\\ncmludGluZyBwcmVzcyBpbiBFdXJvcGUuIEpvaGFubmVzIEd1dGVuYmVyZyBp\\nbnZlbnRlZCBtb3ZhYmxlIHR5cGUgYW5kIHVzZWQgaXQgdG8gcHJvZHVjZSBk\\naWZmZXJlbnQgY29tcG9zaXRpb25zLiBIaXMgd29ya3Nob3AgY291bGQgcHJp\\nbnQgdXAgdG8gMjQwIGltcHJlc3Npb25zIHBlciBob3VyLiBVbnRpbCB0aGVu\\nLCB0aGUgYm9va3Mgd2VyZSBiZWluZyBjb3BpZWQgYnkgaGFuZC4gQWxsIHRo\\nZSBib29rcyB3ZXJlIGhhbmR3cml0dGVuIGFuZCBkZWNvcmF0ZWQgd2l0aCBo\\nYW5kIGRyYXduIG9ybmFtZW50cyBhbmQgZmlndXJlcy4gQSBwcm9jZXNzIG9m\\nIGNvcHlpbmcgYSBib29rIHdhcyBsb25nIGJ1dCBlYWNoIGJvb2ssIGV2ZW4g\\nYSBjb3B5LCB3YXMgYSB3b3JrIG9mIGFydC4KClRoZSBmaXJzdCBwcmludGVk\\nIGJvb2tzIHdlcmUsIGF0IGZpcnN0LCBwZXJjZWl2ZWQgYXMgaW5mZXJpb3Ig\\ndG8gdGhlIGhhbmR3cml0dGVuIG9uZXMuIFRoZXkgd2VyZSBzbWFsbGVyIGFu\\nZCBjaGVhcGVyIHRvIHByb2R1Y2UuIE1vdmFibGUgdHlwZSBwcm92aWRlZCB0\\naGUgcHJpbnRlcnMgd2l0aCBmbGV4aWJpbGl0eSB0aGF0IGFsbG93ZWQgdGhl\\nbSB0byBwcmludCBib29rcyBpbiBsYW5ndWFnZXMgb3RoZXIgdGhhbiBMYXRp\\nbi4gR2lsbCBkZXNjcmliZXMgdGhlIHRyYW5zaXRpb24gdG8gaW5kdXN0cmlh\\nbGlzbSBhcyBzb21ldGhpbmcgdGhhdCBwZW9wbGUgbmVlZGVkIGFuZCB3YW50\\nZWQuIFNvbWV0aGluZyBzaW1pbGFyIGhhcHBlbmVkIGFmdGVyIHRoZSBmaXJz\\ndCBwcmludGVkIGJvb2tzIGVtZXJnZWQuIFBlb3BsZSB3YW50ZWQgYm9va3Mg\\naW4gYSBsYW5ndWFnZSB0aGV5IHVuZGVyc3Rvb2QgYW5kIHRoZXkgd2FudGVk\\nIGJvb2tzIHRoZXkgY291bGQgdGFrZSB3aXRoIHRoZW0uIFRoZXkgd2VyZSBo\\ndW5ncnkgZm9yIGtub3dsZWRnZSBhbmQgcHJpbnRlZCBib29rcyBzYXRpc2Zp\\nZWQgdGhpcyBodW5nZXIuCgohWzQyLWxpbmUtYmlibGUuanBnXSgvbWVkaWEv\\nNDItbGluZS1iaWJsZS5qcGcpCgoqVGhlIDQy4oCTTGluZSBCaWJsZSwgcHJp\\nbnRlZCBieSBHdXRlbmJlcmcuKgoKQnV0LCB0aHJvdWdoIHRoaXMgdHJhbnNp\\ndGlvbiwgdGhlIGJvb2sgbG9zdCBhIGxhcmdlIHBhcnQgb2YgaXRzIGh1bWFu\\naXR5LiBUaGUgbWFjaGluZSB0b29rIG92ZXIgbW9zdCBvZiB0aGUgcHJvY2Vz\\ncyBidXQgY3JhZnRzbWFuc2hpcCB3YXMgc3RpbGwgYSBwYXJ0IG9mIGl0LiBU\\naGUgdHlwZWZhY2VzIHdlcmUgY3V0IG1hbnVhbGx5IGJ5IHRoZSBmaXJzdCBw\\ndW5jaCBjdXR0ZXJzLiBUaGUgcGFwZXIgd2FzIG1hZGUgYnkgaGFuZC4gVGhl\\nIGlsbHVzdHJhdGlvbnMgYW5kIG9ybmFtZW50cyB3ZXJlIHN0aWxsIGJlaW5n\\nIGhhbmQgZHJhd24uIFRoZXNlIHdlcmUgdGhlIHJlbWFpbnMgb2YgdGhlIGNy\\nYWZ0c21hbnNoaXAgdGhhdCB3ZW50IGFsbW9zdCBleHRpbmN0IGluIHRoZSB0\\naW1lcyBvZiBFcmljIEdpbGwuCgojIyBUaGUgZGlnaXRhbCBhZ2UKClRoZSBm\\naXJzdCB0cmFuc2l0aW9uIHRvb2sgYXdheSBhIGxhcmdlIHBhcnQgb2YgaHVt\\nYW5pdHkgZnJvbSB3cml0dGVuIGNvbW11bmljYXRpb24uIEluZHVzdHJpYWxp\\nc2F0aW9uLCB0aGUgc2Vjb25kIHRyYW5zaXRpb24gZGVzY3JpYmVkIGJ5IEVy\\naWMgR2lsbCwgdG9vayBhd2F5IG1vc3Qgb2Ygd2hhdCB3YXMgbGVmdC4gQnV0\\nIGl04oCZcyB0aGUgdGhpcmQgdHJhbnNpdGlvbiB0aGF0IHN0cmlwcGVkIGl0\\nIG5ha2VkLiBUeXBlZmFjZXMgYXJlIGZhY2VsZXNzIHRoZXNlIGRheXMuIFRo\\nZXnigJlyZSBqdXN0IGZvbnRzIG9uIG91ciBjb21wdXRlcnMuIEhhcmRseSBh\\nbnlvbmUga25vd3MgdGhlaXIgc3Rvcmllcy4gSGFyZGx5IGFueW9uZSBjYXJl\\ncy4gRmxpY2tpbmcgdGhyb3VnaCB0aG91c2FuZHMgb2YgdHlwZWZhY2VzIGFu\\nZCBmaW5kaW5nIHRoZSDigJxyaWdodCBvbmXigJ0gaXMgYSBtYXR0ZXIgb2Yg\\nbWludXRlcy4KCj4gSW4gdGhlIG5ldyBjb21wdXRlciBhZ2UgdGhlIHByb2xp\\nZmVyYXRpb24gb2YgdHlwZWZhY2VzIGFuZCB0eXBlIG1hbmlwdWxhdGlvbnMg\\ncmVwcmVzZW50cyBhIG5ldyBsZXZlbCBvZiB2aXN1YWwgcG9sbHV0aW9uIHRo\\ncmVhdGVuaW5nIG91ciBjdWx0dXJlLiBPdXQgb2YgdGhvdXNhbmRzIG9mIHR5\\ncGVmYWNlcywgYWxsIHdlIG5lZWQgYXJlIGEgZmV3IGJhc2ljIG9uZXMsIGFu\\nZCB0cmFzaCB0aGUgcmVzdC4KPgrigJQgTWFzc2ltbyBWaWduZWxsaQoKVHlw\\nb2dyYXBoeSBpcyBub3QgYWJvdXQgdHlwZWZhY2VzLiBJdOKAmXMgbm90IGFi\\nb3V0IHdoYXQgbG9va3MgYmVzdCwgaXTigJlzIGFib3V0IHdoYXQgZmVlbHMg\\ncmlnaHQuIFdoYXQgY29tbXVuaWNhdGVzIHRoZSBtZXNzYWdlIGJlc3QuIFR5\\ncG9ncmFwaHksIGluIGl0cyBlc3NlbmNlLCBpcyBhYm91dCB0aGUgbWVzc2Fn\\nZS4g4oCcVHlwb2dyYXBoaWNhbCBkZXNpZ24gc2hvdWxkIHBlcmZvcm0gb3B0\\naWNhbGx5IHdoYXQgdGhlIHNwZWFrZXIgY3JlYXRlcyB0aHJvdWdoIHZvaWNl\\nIGFuZCBnZXN0dXJlIG9mIGhpcyB0aG91Z2h0cy7igJ0sIGFzIEVsIExpc3Np\\ndHpreSwgYSBmYW1vdXMgUnVzc2lhbiB0eXBvZ3JhcGhlciwgcHV0IGl0LgoK\\nIyMgTG9zcyBvZiBodW1hbml0eSB0aHJvdWdoIHRyYW5zaXRpb25zCgpFYWNo\\nIHRyYW5zaXRpb24gdG9vayBhd2F5IGEgcGFydCBvZiBodW1hbml0eSBmcm9t\\nIHdyaXR0ZW4gbGFuZ3VhZ2UuIEhhbmR3cml0dGVuIGJvb2tzIGJlaW5nIHRo\\nZSBtb3N0IGh1bWFuZSBmb3JtIGFuZCB0aGUgZGlnaXRhbCB0eXBlZmFjZXMg\\nYmVpbmcgdGhlIGxlYXN0LiBPdmVydXNlIG9mIEhlbHZldGljYSBpcyBhIGdv\\nb2QgZXhhbXBsZS4gTWVzc2FnZXMgYXJlIGJlaW5nIHRvbGQgaW4gYSB0eXBl\\nZmFjZSBqdXN0IGJlY2F1c2UgaXTigJlzIGEgc2FmZSBvcHRpb24uIEl04oCZ\\ncyBhbHdheXMgdGhlcmUuIEV2ZXJ5b25lIGtub3dzIGl0IGJ1dCB5ZXQsIG5v\\nYm9keSBrbm93cyBpdC4gU3RvcCBzb21lb25lIG9uIHRoZSBzdHJlZXQgYW5k\\nIGFzayBoaW0gd2hhdCBIZWx2ZXRpY2EgaXM/IEFzayBhIGRlc2lnbmVyIHRo\\nZSBzYW1lIHF1ZXN0aW9uLiBBc2sgaGltIHdoZXJlIGl0IGNhbWUgZnJvbSwg\\nd2hlbiwgd2h5IGFuZCB3aG8gZGVzaWduZWQgaXQuIE1vc3Qgb2YgdGhlbSB3\\naWxsIGZhaWwgdG8gYW5zd2VyIHRoZXNlIHF1ZXN0aW9ucy4gTW9zdCBvZiB0\\naGVtIHVzZWQgaXQgaW4gdGhlaXIgcHJlY2lvdXMgcHJvamVjdHMgYnV0IHRo\\nZXkgc3RpbGwgZG9u4oCZdCBzcG90IGl0IGluIHRoZSBzdHJlZXQuCgo8Zmln\\ndXJlPgoJPGJsb2NrcXVvdGU+CgkJPHA+S25vd2xlZGdlIG9mIHRoZSBxdWFs\\naXR5IG9mIGEgdHlwZWZhY2UgaXMgb2YgdGhlIGdyZWF0ZXN0IGltcG9ydGFu\\nY2UgZm9yIHRoZSBmdW5jdGlvbmFsLCBhZXN0aGV0aWMgYW5kIHBzeWNob2xv\\nZ2ljYWwgZWZmZWN0LjwvcD4KCQk8Zm9vdGVyPgoJCQk8Y2l0ZT7igJQgSm9z\\nZWYgTXVlbGxlci1Ccm9ja21hbm48L2NpdGU+CgkJPC9mb290ZXI+Cgk8L2Js\\nb2NrcXVvdGU+CjwvZmlndXJlPgoKVHlwZWZhY2VzIGRvbuKAmXQgbG9vayBo\\nYW5kbWFkZSB0aGVzZSBkYXlzLiBBbmQgdGhhdOKAmXMgYWxsIHJpZ2h0LiBU\\naGV5IGRvbuKAmXQgaGF2ZSB0by4gSW5kdXN0cmlhbGlzbSB0b29rIHRoYXQg\\nYXdheSBmcm9tIHRoZW0gYW5kIHdl4oCZcmUgZmluZSB3aXRoIGl0LiBXZeKA\\nmXZlIHRyYWRlZCB0aGF0IHBhcnQgb2YgaHVtYW5pdHkgZm9yIGEgcHJvY2Vz\\ncyB0aGF0IHByb2R1Y2VzIG1vcmUgYm9va3MgdGhhdCBhcmUgZWFzaWVyIHRv\\nIHJlYWQuIFRoYXQgY2Fu4oCZdCBiZSBiYWQuIEFuZCBpdCBpc27igJl0LgoK\\nPiBIdW1hbmUgdHlwb2dyYXBoeSB3aWxsIG9mdGVuIGJlIGNvbXBhcmF0aXZl\\nbHkgcm91Z2ggYW5kIGV2ZW4gdW5jb3V0aDsgYnV0IHdoaWxlIGEgY2VydGFp\\nbiB1bmNvdXRobmVzcyBkb2VzIG5vdCBzZXJpb3VzbHkgbWF0dGVyIGluIGh1\\nbWFuZSB3b3JrcywgdW5jb3V0aG5lc3MgaGFzIG5vIGV4Y3VzZSB3aGF0ZXZl\\nciBpbiB0aGUgcHJvZHVjdGlvbnMgb2YgdGhlIG1hY2hpbmUuCj4KPiDigJQg\\nRXJpYyBHaWxsCgpXZeKAmXZlIGNvbWUgY2xvc2UgdG8g4oCccGVyZmVjdGlv\\nbuKAnSBpbiB0aGUgbGFzdCBmaXZlIGNlbnR1cmllcy4gVGhlIGxldHRlcnMg\\nYXJlIGNyaXNwIGFuZCB3aXRob3V0IHJvdWdoIGVkZ2VzLiBXZSBwcmludCBv\\ndXIgY29tcG9zaXRpb25zIHdpdGggaGlnaOKAk3ByZWNpc2lvbiBwcmludGVy\\ncyBvbiBhIGhpZ2ggcXVhbGl0eSwgbWFjaGluZSBtYWRlIHBhcGVyLgoKIVt0\\neXBlLXRocm91Z2gtdGltZS5qcGddKC9tZWRpYS90eXBlLXRocm91Z2gtdGlt\\nZS5qcGcpCgoqVHlwZSB0aHJvdWdoIDUgY2VudHVyaWVzLioKCldlIGxvc3Qg\\nYSBwYXJ0IG9mIG91cnNlbHZlcyBiZWNhdXNlIG9mIHRoaXMgY2hhc2UgYWZ0\\nZXIgcGVyZmVjdGlvbi4gV2UgZm9yZ290IGFib3V0IHRoZSBjcmFmdHNtYW5z\\naGlwIGFsb25nIHRoZSB3YXkuIEFuZCB0aGUgd29yc3QgcGFydCBpcyB0aGF0\\nIHdlIGRvbuKAmXQgY2FyZS4gVGhlIHRyYW5zaXRpb24gdG8gdGhlIGRpZ2l0\\nYWwgYWdlIG1hZGUgdGhhdCBjbGVhci4gV2UgY2hvb3NlIHR5cGVmYWNlcyBs\\naWtlIGNsdWVsZXNzIHpvbWJpZXMuIFRoZXJl4oCZcyBubyBtZWFuaW5nIGlu\\nIG91ciB3b3JrLiBUeXBlIHNpemVzLCBsZWFkaW5nLCBtYXJnaW5z4oCmIEl0\\n4oCZcyBhbGwganVzdCBhIGZldyBjbGlja3Mgb3IgbGluZXMgb2YgY29kZS4g\\nVGhlIG1lc3NhZ2UgaXNu4oCZdCBpbXBvcnRhbnQgYW55bW9yZS4gVGhlcmXi\\ngJlzIG5vIG1vcmUg4oCcd2h54oCdIGJlaGluZCB0aGUg4oCcd2hhdOKAnS4K\\nCiMjIENoYXNpbmcgcGVyZmVjdGlvbgoKSHVtYW4gYmVpbmdzIGFyZW7igJl0\\nIHBlcmZlY3QuIFBlcmZlY3Rpb24gaXMgc29tZXRoaW5nIHRoYXQgd2lsbCBh\\nbHdheXMgZWx1ZGUgdXMuIFRoZXJlIHdpbGwgYWx3YXlzIGJlIGEgc21hbGwg\\ncGFydCBvZiBodW1hbml0eSBpbiBldmVyeXRoaW5nIHdlIGRvLiBObyBtYXR0\\nZXIgaG93IHNtYWxsIHRoYXQgcGFydCwgd2Ugc2hvdWxkIG1ha2Ugc3VyZSB0\\naGF0IGl0IHRyYW5zY2VuZHMgdGhlIGxpbWl0cyBvZiB0aGUgbWVkaXVtLiBX\\nZSBoYXZlIHRvIHRoaW5rIGFib3V0IHRoZSBtZXNzYWdlIGZpcnN0LiBXaGF0\\nIHR5cGVmYWNlIHNob3VsZCB3ZSB1c2UgYW5kIHdoeT8gRG9lcyB0aGUgdHlw\\nZWZhY2UgbWF0Y2ggdGhlIG1lc3NhZ2UgYW5kIHdoYXQgd2Ugd2FudCB0byBj\\nb21tdW5pY2F0ZSB3aXRoIGl0PyBXaGF0IHdpbGwgYmUgdGhlIGxlYWRpbmcg\\nYW5kIHdoeT8gV2lsbCB0aGVyZSBiZSBtb3JlIHR5cGVmYWNlcyBpbiBvdXIg\\nZGVzaWduPyBPbiB3aGF0IGdyb3VuZCB3aWxsIHRoZXkgYmUgY29tYmluZWQ/\\nIFdoYXQgbWFrZXMgb3VyIGRlc2lnbiB1bmlxdWUgYW5kIHdoeT8gVGhpcyBp\\ncyB0aGUgcGFydCBvZiBodW1hbml0eSB0aGF0IGlzIGxlZnQgaW4gdHlwb2dy\\nYXBoeS4gSXQgbWlnaHQgYmUgdGhlIGxhc3QgcGFydC4gQXJlIHdlIHJlYWxs\\neSBnb2luZyB0byBnaXZlIGl0IHVwPwoKKk9yaWdpbmFsbHkgcHVibGlzaGVk\\nIGJ5IFtNYXRlaiBMYXRpbl0oaHR0cDovL21hdGVqbGF0aW4uY28udWsvKSBv\\nbiBbTWVkaXVtXShodHRwczovL21lZGl1bS5jb20vZGVzaWduLW5vdGVzL2h1\\nbWFuZS10eXBvZ3JhcGh5LWluLXRoZS1kaWdpdGFsLWFnZS05YmQ1YzE2MTk5\\nYmQ/cmVmPXdlYmRlc2lnbmVybmV3cy5jb20jLmx5Z284MnoweCkuKg==\\n\",\n  \"encoding\": \"base64\"\n}\n",
    "status": 200
  }
]
