[
  {
    "body": "grant_type=password&username=decap%40p-m.si&password=12345678",
    "method": "POST",
    "url": "/.netlify/identity/token",
    "headers": {
      "Access-Control-Allow-Credentials": "true",
      "Access-Control-Allow-Origin": "*",
      "Alt-Svc": "clear",
      "Content-Length": "383",
      "Content-Type": "application/json",
      "Via": "1.1 google",
      "Age": "1",
      "Connection": "keep-alive",
      "Server": "Netlify",
      "Vary": "Origin"
    },
    "response": "{\"access_token\":\"access_token\",\"token_type\":\"bearer\",\"expires_in\":3600,\"refresh_token\":\"refresh_token\"}",
    "status": 200
  },
  {
    "method": "GET",
    "url": "/.netlify/identity/user",
    "headers": {
      "Access-Control-Allow-Credentials": "true",
      "Access-Control-Allow-Origin": "*",
      "Alt-Svc": "clear",
      "Content-Type": "application/json",
      "Via": "1.1 google",
      "Age": "0",
      "Connection": "keep-alive",
      "Server": "Netlify",
      "Vary": "Origin,Accept-Encoding",
      "content-length": "262"
    },
    "response": "{\"id\":\"92130508-7f49-4862-958c-37cbb9f5e857\",\"aud\":\"\",\"role\":\"\",\"email\":\"decap@p-m.si\",\"confirmed_at\":\"2020-04-12T10:42:48Z\",\"app_metadata\":{\"provider\":\"email\"},\"user_metadata\":{},\"created_at\":\"2020-04-12T10:42:48Z\",\"updated_at\":\"2020-04-12T10:42:48Z\"}",
    "status": 200
  },
  {
    "method": "GET",
    "url": "/.netlify/git/settings",
    "headers": {
      "Access-Control-Allow-Credentials": "true",
      "Access-Control-Allow-Origin": "http://localhost:8080",
      "Alt-Svc": "clear",
      "Content-Type": "application/json",
      "Via": "1.1 google",
      "Age": "0",
      "Connection": "keep-alive",
      "Server": "Netlify",
      "Vary": "Origin,Accept-Encoding",
      "content-length": "85"
    },
    "response": "{\"github_enabled\":false,\"gitlab_enabled\":true,\"bitbucket_enabled\":false,\"roles\":null}",
    "status": 200
  },
  {
    "method": "GET",
    "url": "/.netlify/git/gitlab/repository/tree?path=static/media&ref=master&per_page=100&recursive=false",
    "headers": {
      "Accept-Ranges": "bytes",
      "Access-Control-Allow-Credentials": "true",
      "Access-Control-Allow-Methods": "GET, HEAD, POST, PUT, PATCH, DELETE, OPTIONS",
      "Access-Control-Allow-Origin": "http://localhost:8080",
      "Access-Control-Expose-Headers": "Link, X-Total, X-Total-Pages, X-Per-Page, X-Page, X-Next-Page, X-Prev-Page, X-Gitlab-Blob-Id, X-Gitlab-Commit-Id, X-Gitlab-Content-Sha256, X-Gitlab-Encoding, X-Gitlab-File-Name, X-Gitlab-File-Path, X-Gitlab-Last-Commit-Id, X-Gitlab-Ref, X-Gitlab-Size",
      "Access-Control-Max-Age": "7200",
      "Alt-Svc": "clear",
      "Cache-Control": "max-age=0, private, must-revalidate",
      "Cf-Cache-Status": "DYNAMIC",
      "Cf-Ray": "582c57f88e3371e9-ORD",
      "Content-Type": "application/json",
      "Expect-Ct": "max-age=604800, report-uri=\"https://report-uri.cloudflare.com/cdn-cgi/beacon/expect-ct\"",
      "Gitlab-Sv": "localhost",
      "Link": "</repository/tree?id=owner%2Frepo&page=1&path=static%2Fmedia&per_page=100&recursive=false&ref=master>; rel=\"first\",</repository/tree?id=owner%2Frepo&page=1&path=static%2Fmedia&per_page=100&recursive=false&ref=master>; rel=\"last\"",
      "Referrer-Policy": "strict-origin-when-cross-origin",
      "Server": "Netlify",
      "Set-Cookie": "__cfduid=d3fae3604ef59334d037aa48972faa8901586688178; expires=Tue, 12-May-20 10:42:58 GMT; path=/; domain=.gitlab.com; HttpOnly; SameSite=Lax; Secure",
      "Strict-Transport-Security": "max-age=31536000",
      "Via": "1.1 google",
      "X-Content-Type-Options": "nosniff",
      "X-Frame-Options": "SAMEORIGIN",
      "X-Next-Page": "",
      "X-Page": "1",
      "X-Per-Page": "100",
      "X-Prev-Page": "",
      "X-Total": "0",
      "X-Total-Pages": "1",
      "Age": "1",
      "Connection": "keep-alive",
      "Vary": "Origin,Accept-Encoding,Origin",
      "content-length": "2"
    },
    "response": "[]",
    "status": 200
  },
  {
    "method": "GET",
    "url": "/.netlify/git/gitlab/repository/tree?path=content/posts&ref=master&recursive=false",
    "headers": {
      "Access-Control-Allow-Credentials": "true",
      "Access-Control-Allow-Methods": "GET, HEAD, POST, PUT, PATCH, DELETE, OPTIONS",
      "Access-Control-Allow-Origin": "http://localhost:8080",
      "Access-Control-Expose-Headers": "Link, X-Total, X-Total-Pages, X-Per-Page, X-Page, X-Next-Page, X-Prev-Page, X-Gitlab-Blob-Id, X-Gitlab-Commit-Id, X-Gitlab-Content-Sha256, X-Gitlab-Encoding, X-Gitlab-File-Name, X-Gitlab-File-Path, X-Gitlab-Last-Commit-Id, X-Gitlab-Ref, X-Gitlab-Size",
      "Access-Control-Max-Age": "7200",
      "Alt-Svc": "clear",
      "Cache-Control": "max-age=0, private, must-revalidate",
      "Cf-Cache-Status": "DYNAMIC",
      "Cf-Ray": "582c57f9de8c71e9-ORD",
      "Content-Type": "application/json",
      "Expect-Ct": "max-age=604800, report-uri=\"https://report-uri.cloudflare.com/cdn-cgi/beacon/expect-ct\"",
      "Gitlab-Sv": "localhost",
      "Link": "</repository/tree?id=owner%2Frepo&page=1&path=content%2Fposts&per_page=20&recursive=false&ref=master>; rel=\"first\",</repository/tree?id=owner%2Frepo&page=1&path=content%2Fposts&per_page=20&recursive=false&ref=master>; rel=\"last\"",
      "Referrer-Policy": "strict-origin-when-cross-origin",
      "Server": "Netlify",
      "Set-Cookie": "__cfduid=d3fae3604ef59334d037aa48972faa8901586688178; expires=Tue, 12-May-20 10:42:58 GMT; path=/; domain=.gitlab.com; HttpOnly; SameSite=Lax; Secure",
      "Strict-Transport-Security": "max-age=31536000",
      "Via": "1.1 google",
      "X-Content-Type-Options": "nosniff",
      "X-Frame-Options": "SAMEORIGIN",
      "X-Next-Page": "",
      "X-Page": "1",
      "X-Per-Page": "20",
      "X-Prev-Page": "",
      "X-Total": "5",
      "X-Total-Pages": "1",
      "Age": "0",
      "Connection": "keep-alive",
      "Vary": "Origin,Origin",
      "content-length": "1059"
    },
    "response": "[{\"id\":\"6d51a38aed7139d2117724b1e307657b6ff2d043\",\"name\":\"2016-01-09---Perfecting-the-Art-of-Perfection.md\",\"type\":\"blob\",\"path\":\"content/posts/2016-01-09---Perfecting-the-Art-of-Perfection.md\",\"mode\":\"100644\"},{\"id\":\"d0582dd245a3f408fb3fe2333bf01400007476e9\",\"name\":\"2016-01-12---The-Origins-of-Social-Stationery-Lettering.md\",\"type\":\"blob\",\"path\":\"content/posts/2016-01-12---The-Origins-of-Social-Stationery-Lettering.md\",\"mode\":\"100644\"},{\"id\":\"0eea554365f002d0f1572af9a58522d335a794d5\",\"name\":\"2016-02-02---A-Brief-History-of-Typography.md\",\"type\":\"blob\",\"path\":\"content/posts/2016-02-02---A-Brief-History-of-Typography.md\",\"mode\":\"100644\"},{\"id\":\"44f78c474d04273185a95821426f75affc9b0044\",\"name\":\"2017-18-08---The-Birth-of-Movable-Type.md\",\"type\":\"blob\",\"path\":\"content/posts/2017-18-08---The-Birth-of-Movable-Type.md\",\"mode\":\"100644\"},{\"id\":\"a532f0a9445cdf90a19c6812cff89d1674991774\",\"name\":\"2017-19-08---Humane-Typography-in-the-Digital-Age.md\",\"type\":\"blob\",\"path\":\"content/posts/2017-19-08---Humane-Typography-in-the-Digital-Age.md\",\"mode\":\"100644\"}]",
    "status": 200
  },
  {
    "method": "GET",
    "url": "/.netlify/git/gitlab/repository/commits?path=content/posts/2016-01-09---Perfecting-the-Art-of-Perfection.md&ref_name=master",
    "headers": {
      "Access-Control-Allow-Credentials": "true",
      "Access-Control-Allow-Methods": "GET, HEAD, POST, PUT, PATCH, DELETE, OPTIONS",
      "Access-Control-Allow-Origin": "http://localhost:8080",
      "Access-Control-Expose-Headers": "Link, X-Total, X-Total-Pages, X-Per-Page, X-Page, X-Next-Page, X-Prev-Page, X-Gitlab-Blob-Id, X-Gitlab-Commit-Id, X-Gitlab-Content-Sha256, X-Gitlab-Encoding, X-Gitlab-File-Name, X-Gitlab-File-Path, X-Gitlab-Last-Commit-Id, X-Gitlab-Ref, X-Gitlab-Size",
      "Access-Control-Max-Age": "7200",
      "Alt-Svc": "clear",
      "Cache-Control": "max-age=0, private, must-revalidate",
      "Cf-Cache-Status": "DYNAMIC",
      "Cf-Ray": "582c57fe4dd071e3-ORD",
      "Content-Type": "application/json",
      "Expect-Ct": "max-age=604800, report-uri=\"https://report-uri.cloudflare.com/cdn-cgi/beacon/expect-ct\"",
      "Gitlab-Sv": "localhost",
      "Link": "</repository/commits?id=owner%2Frepo&order=default&page=1&path=content%2Fposts%2F2016-01-09---Perfecting-the-Art-of-Perfection.md&per_page=20&ref_name=master>; rel=\"first\",</repository/commits?id=owner%2Frepo&order=default&page=1&path=content%2Fposts%2F2016-01-09---Perfecting-the-Art-of-Perfection.md&per_page=20&ref_name=master>; rel=\"last\"",
      "Referrer-Policy": "strict-origin-when-cross-origin",
      "Server": "Netlify",
      "Set-Cookie": "__cfduid=d7f5516f660f29894c8ef8f15ea269b0f1586688178; expires=Tue, 12-May-20 10:42:58 GMT; path=/; domain=.gitlab.com; HttpOnly; SameSite=Lax; Secure",
      "Strict-Transport-Security": "max-age=31536000",
      "Via": "1.1 google",
      "X-Content-Type-Options": "nosniff",
      "X-Frame-Options": "SAMEORIGIN",
      "X-Next-Page": "",
      "X-Page": "1",
      "X-Per-Page": "20",
      "X-Prev-Page": "",
      "X-Total": "1",
      "X-Total-Pages": "1",
      "Age": "1",
      "Connection": "keep-alive",
      "Vary": "Origin,Origin",
      "content-length": "592"
    },
    "response": "[{\"id\":\"2bc3fa39d8adb9e008e52793854338399fc6e4ad\",\"short_id\":\"2bc3fa39\",\"created_at\":\"2019-07-24T10:45:32.000+03:00\",\"parent_ids\":[],\"title\":\"initial commit\",\"message\":\"initial commit\\n\",\"author_name\":\"owner\",\"author_email\":\"owner@users.noreply.github.com\",\"authored_date\":\"2019-07-24T10:45:32.000+03:00\",\"committer_name\":\"owner\",\"committer_email\":\"owner@users.noreply.github.com\",\"committed_date\":\"2019-07-24T10:45:32.000+03:00\",\"web_url\":\"https://gitlab.com/owner/repo/-/commit/2bc3fa39d8adb9e008e52793854338399fc6e4ad\"}]",
    "status": 200
  },
  {
    "method": "GET",
    "url": "/.netlify/git/gitlab/repository/files/content%2Fposts%2F2016-01-09---Perfecting-the-Art-of-Perfection.md/raw?ref=master",
    "headers": {
      "Access-Control-Allow-Credentials": "true",
      "Access-Control-Allow-Methods": "GET, HEAD, POST, PUT, PATCH, DELETE, OPTIONS",
      "Access-Control-Allow-Origin": "http://localhost:8080",
      "Access-Control-Expose-Headers": "Link, X-Total, X-Total-Pages, X-Per-Page, X-Page, X-Next-Page, X-Prev-Page, X-Gitlab-Blob-Id, X-Gitlab-Commit-Id, X-Gitlab-Content-Sha256, X-Gitlab-Encoding, X-Gitlab-File-Name, X-Gitlab-File-Path, X-Gitlab-Last-Commit-Id, X-Gitlab-Ref, X-Gitlab-Size",
      "Access-Control-Max-Age": "7200",
      "Alt-Svc": "clear",
      "Cache-Control": "max-age=0, private, must-revalidate, no-store, no-cache",
      "Cf-Cache-Status": "DYNAMIC",
      "Cf-Ray": "582c57fe9e86f24a-ORD",
      "Content-Disposition": "inline; filename=\"2016-01-09---Perfecting-the-Art-of-Perfection.md\"; filename*=UTF-8''2016-01-09---Perfecting-the-Art-of-Perfection.md",
      "Content-Type": "text/plain; charset=utf-8",
      "Expect-Ct": "max-age=604800, report-uri=\"https://report-uri.cloudflare.com/cdn-cgi/beacon/expect-ct\"",
      "Expires": "Fri, 01 Jan 1990 00:00:00 GMT",
      "Gitlab-Sv": "localhost",
      "Pragma": "no-cache",
      "Referrer-Policy": "strict-origin-when-cross-origin",
      "Server": "Netlify",
      "Set-Cookie": "__cfduid=db94485b5110f18f011128c3ade2e8f851586688178; expires=Tue, 12-May-20 10:42:58 GMT; path=/; domain=.gitlab.com; HttpOnly; SameSite=Lax; Secure",
      "Strict-Transport-Security": "max-age=31536000",
      "Via": "1.1 google",
      "X-Content-Type-Options": "nosniff",
      "X-Frame-Options": "SAMEORIGIN",
      "X-Gitlab-Blob-Id": "6d51a38aed7139d2117724b1e307657b6ff2d043",
      "X-Gitlab-Commit-Id": "7e7aea8cc47406891be7786412a0c6f6b72c6782",
      "X-Gitlab-Content-Sha256": "4e34b86a142e9130ff1a5fff0405bc83daa8552ed653ba203fd9e20d810833af",
      "X-Gitlab-Encoding": "base64",
      "X-Gitlab-File-Name": "2016-01-09---Perfecting-the-Art-of-Perfection.md",
      "X-Gitlab-File-Path": "content/posts/2016-01-09---Perfecting-the-Art-of-Perfection.md",
      "X-Gitlab-Last-Commit-Id": "2bc3fa39d8adb9e008e52793854338399fc6e4ad",
      "X-Gitlab-Ref": "master",
      "X-Gitlab-Size": "1707",
      "Age": "1",
      "Connection": "keep-alive",
      "Vary": "Origin,Origin",
      "content-length": "1707"
    },
    "response": "---\ntitle: Perfecting the Art of Perfection\ndate: \"2016-09-01T23:46:37.121Z\"\ntemplate: \"post\"\ndraft: false\ncategory: \"Design Inspiration\"\ntags:\n  - \"Handwriting\"\n  - \"Learning to write\"\ndescription: \"Quisque cursus, metus vitae pharetra auctor, sem massa mattis sem, at interdum magna augue eget diam. Vestibulum ante ipsum primis in faucibus orci luctus et ultrices posuere cubilia Curae; Morbi lacinia molestie dui. Praesent blandit dolor. Sed non quam. In vel mi sit amet augue congue elementum.\"\ncanonical: ''\n---\n\nQuisque cursus, metus vitae pharetra auctor, sem massa mattis sem, at interdum magna augue eget diam. Vestibulum ante ipsum primis in faucibus orci luctus et ultrices posuere cubilia Curae; Morbi lacinia molestie dui. Praesent blandit dolor. Sed non quam. In vel mi sit amet augue congue elementum.\n\n![Nulla faucibus vestibulum eros in tempus. Vestibulum tempor imperdiet velit nec dapibus](/media/image-2.jpg)\n\nPellentesque habitant morbi tristique senectus et netus et malesuada fames ac turpis egestas. Vestibulum tortor quam, feugiat vitae, ultricies eget, tempor sit amet, ante. Donec eu libero sit amet quam egestas semper. Aenean ultricies mi vitae est. Mauris placerat eleifend leo. Quisque sit amet est et sapien ullamcorper pharetra. Vestibulum erat wisi, condimentum sed, commodo vitae, ornare sit amet, wisi. Aenean fermentum, elit eget tincidunt condimentum, eros ipsum rutrum orci, sagittis tempus lacus enim ac dui. Donec non enim in turpis pulvinar facilisis. Ut felis. \n\nPraesent dapibus, neque id cursus faucibus, tortor neque egestas augue, eu vulputate magna eros eu erat. Aliquam erat volutpat. Nam dui mi, tincidunt quis, accumsan porttitor, facilisis luctus, metus.",
    "status": 200
  },
  {
    "method": "GET",
    "url": "/.netlify/git/gitlab/repository/files/content%2Fposts%2F2016-01-12---The-Origins-of-Social-Stationery-Lettering.md/raw?ref=master",
    "headers": {
      "Access-Control-Allow-Credentials": "true",
      "Access-Control-Allow-Methods": "GET, HEAD, POST, PUT, PATCH, DELETE, OPTIONS",
      "Access-Control-Allow-Origin": "http://localhost:8080",
      "Access-Control-Expose-Headers": "Link, X-Total, X-Total-Pages, X-Per-Page, X-Page, X-Next-Page, X-Prev-Page, X-Gitlab-Blob-Id, X-Gitlab-Commit-Id, X-Gitlab-Content-Sha256, X-Gitlab-Encoding, X-Gitlab-File-Name, X-Gitlab-File-Path, X-Gitlab-Last-Commit-Id, X-Gitlab-Ref, X-Gitlab-Size",
      "Access-Control-Max-Age": "7200",
      "Alt-Svc": "clear",
      "Cache-Control": "max-age=0, private, must-revalidate, no-store, no-cache",
      "Cf-Cache-Status": "DYNAMIC",
      "Cf-Ray": "582c57fe9de971e3-ORD",
      "Content-Disposition": "inline; filename=\"2016-01-12---The-Origins-of-Social-Stationery-Lettering.md\"; filename*=UTF-8''2016-01-12---The-Origins-of-Social-Stationery-Lettering.md",
      "Content-Type": "text/plain; charset=utf-8",
      "Expect-Ct": "max-age=604800, report-uri=\"https://report-uri.cloudflare.com/cdn-cgi/beacon/expect-ct\"",
      "Expires": "Fri, 01 Jan 1990 00:00:00 GMT",
      "Gitlab-Sv": "localhost",
      "Pragma": "no-cache",
      "Referrer-Policy": "strict-origin-when-cross-origin",
      "Server": "Netlify",
      "Set-Cookie": "__cfduid=d7f5516f660f29894c8ef8f15ea269b0f1586688178; expires=Tue, 12-May-20 10:42:58 GMT; path=/; domain=.gitlab.com; HttpOnly; SameSite=Lax; Secure",
      "Strict-Transport-Security": "max-age=31536000",
      "Via": "1.1 google",
      "X-Content-Type-Options": "nosniff",
      "X-Frame-Options": "SAMEORIGIN",
      "X-Gitlab-Blob-Id": "d0582dd245a3f408fb3fe2333bf01400007476e9",
      "X-Gitlab-Commit-Id": "7e7aea8cc47406891be7786412a0c6f6b72c6782",
      "X-Gitlab-Content-Sha256": "add0804dc8baae2bf77e4823c6fe2e1515525bb3ed3b00dd7abd6962e6b2ae5d",
      "X-Gitlab-Encoding": "base64",
      "X-Gitlab-File-Name": "2016-01-12---The-Origins-of-Social-Stationery-Lettering.md",
      "X-Gitlab-File-Path": "content/posts/2016-01-12---The-Origins-of-Social-Stationery-Lettering.md",
      "X-Gitlab-Last-Commit-Id": "2bc3fa39d8adb9e008e52793854338399fc6e4ad",
      "X-Gitlab-Ref": "master",
      "X-Gitlab-Size": "2565",
      "Age": "1",
      "Connection": "keep-alive",
      "Vary": "Origin,Origin",
      "content-length": "2565"
    },
    "response": "---\ntitle: The Origins of Social Stationery Lettering\ndate: \"2016-12-01T22:40:32.169Z\"\ntemplate: \"post\"\ndraft: false\ncategory: \"Design Culture\"\ndescription: \"Pellentesque habitant morbi tristique senectus et netus et malesuada fames ac turpis egestas. Vestibulum tortor quam, feugiat vitae, ultricies eget, tempor sit amet, ante.\"\ncanonical: ''\n---\n\n**Pellentesque habitant morbi tristique** senectus et netus et malesuada fames ac turpis egestas. Vestibulum tortor quam, feugiat vitae, ultricies eget, tempor sit amet, ante. Donec eu libero sit amet quam egestas semper. *Aenean ultricies mi vitae est.* Mauris placerat eleifend leo. Quisque sit amet est et sapien ullamcorper pharetra. \n\nVestibulum erat wisi, condimentum sed, commodo vitae, ornare sit amet, wisi. Aenean fermentum, elit eget tincidunt condimentum, eros ipsum rutrum orci, sagittis tempus lacus enim ac dui.  [Donec non enim](#) in turpis pulvinar facilisis.\n\n![Nulla faucibus vestibulum eros in tempus. Vestibulum tempor imperdiet velit nec dapibus](/media/image-3.jpg)\n\n## Header Level 2\n\n+ Lorem ipsum dolor sit amet, consectetuer adipiscing elit.\n+ Aliquam tincidunt mauris eu risus.\n\nDonec non enim in turpis pulvinar facilisis. Ut felis. Praesent dapibus, neque id cursus faucibus, tortor neque egestas augue, eu vulputate magna eros eu erat. Aliquam erat volutpat. \n\n<figure>\n\t<blockquote>\n\t\t<p>Lorem ipsum dolor sit amet, consectetur adipiscing elit. Vivamus magna. Cras in mi at felis aliquet congue. Ut a est eget ligula molestie gravida. Curabitur massa. Donec eleifend, libero at sagittis mollis, tellus est malesuada tellus, at luctus turpis elit sit amet quam. Vivamus pretium ornare est.</p>\n\t\t<footer>\n\t\t\t<cite>— Aliquam tincidunt mauris eu risus.</cite>\n\t\t</footer>\n\t</blockquote>\n</figure>\n\n### Header Level 3\n\n+ Lorem ipsum dolor sit amet, consectetuer adipiscing elit.\n+ Aliquam tincidunt mauris eu risus.\n\nPellentesque habitant morbi tristique senectus et netus et malesuada fames ac turpis egestas. Vestibulum tortor quam, feugiat vitae, ultricies eget, tempor sit amet, ante. Donec eu libero sit amet quam egestas semper. Aenean ultricies mi vitae est. Mauris placerat eleifend leo. Quisque sit amet est et sapien ullamcorper pharetra.\n\n```css\n#header h1 a {\n  display: block;\n  width: 300px;\n  height: 80px;\n}\n```\n\nDonec non enim in turpis pulvinar facilisis. Ut felis. Praesent dapibus, neque id cursus faucibus, tortor neque egestas augue, eu vulputate magna eros eu erat. Aliquam erat volutpat. Nam dui mi, tincidunt quis, accumsan porttitor, facilisis luctus, metus.",
    "status": 200
  },
  {
    "method": "GET",
    "url": "/.netlify/git/gitlab/repository/files/content%2Fposts%2F2016-02-02---A-Brief-History-of-Typography.md/raw?ref=master",
    "headers": {
      "Access-Control-Allow-Credentials": "true",
      "Access-Control-Allow-Methods": "GET, HEAD, POST, PUT, PATCH, DELETE, OPTIONS",
      "Access-Control-Allow-Origin": "http://localhost:8080",
      "Access-Control-Expose-Headers": "Link, X-Total, X-Total-Pages, X-Per-Page, X-Page, X-Next-Page, X-Prev-Page, X-Gitlab-Blob-Id, X-Gitlab-Commit-Id, X-Gitlab-Content-Sha256, X-Gitlab-Encoding, X-Gitlab-File-Name, X-Gitlab-File-Path, X-Gitlab-Last-Commit-Id, X-Gitlab-Ref, X-Gitlab-Size",
      "Access-Control-Max-Age": "7200",
      "Alt-Svc": "clear",
      "Cache-Control": "max-age=0, private, must-revalidate, no-store, no-cache",
      "Cf-Cache-Status": "DYNAMIC",
      "Cf-Ray": "582c57feafdf71e9-ORD",
      "Content-Disposition": "inline; filename=\"2016-02-02---A-Brief-History-of-Typography.md\"; filename*=UTF-8''2016-02-02---A-Brief-History-of-Typography.md",
      "Content-Type": "text/plain; charset=utf-8",
      "Expect-Ct": "max-age=604800, report-uri=\"https://report-uri.cloudflare.com/cdn-cgi/beacon/expect-ct\"",
      "Expires": "Fri, 01 Jan 1990 00:00:00 GMT",
      "Gitlab-Sv": "localhost",
      "Pragma": "no-cache",
      "Referrer-Policy": "strict-origin-when-cross-origin",
      "Server": "Netlify",
      "Set-Cookie": "__cfduid=d3fae3604ef59334d037aa48972faa8901586688178; expires=Tue, 12-May-20 10:42:58 GMT; path=/; domain=.gitlab.com; HttpOnly; SameSite=Lax; Secure",
      "Strict-Transport-Security": "max-age=31536000",
      "Via": "1.1 google",
      "X-Content-Type-Options": "nosniff",
      "X-Frame-Options": "SAMEORIGIN",
      "X-Gitlab-Blob-Id": "0eea554365f002d0f1572af9a58522d335a794d5",
      "X-Gitlab-Commit-Id": "7e7aea8cc47406891be7786412a0c6f6b72c6782",
      "X-Gitlab-Content-Sha256": "5ef3a4f55b0130f04866489f8304fd8db408351abe0bd10a9e8f17b167341591",
      "X-Gitlab-Encoding": "base64",
      "X-Gitlab-File-Name": "2016-02-02---A-Brief-History-of-Typography.md",
      "X-Gitlab-File-Path": "content/posts/2016-02-02---A-Brief-History-of-Typography.md",
      "X-Gitlab-Last-Commit-Id": "2bc3fa39d8adb9e008e52793854338399fc6e4ad",
      "X-Gitlab-Ref": "master",
      "X-Gitlab-Size": "2786",
      "Age": "1",
      "Connection": "keep-alive",
      "Vary": "Origin,Origin",
      "content-length": "2786"
    },
    "response": "---\ntitle: \"A Brief History of Typography\"\ndate: \"2016-02-02T22:40:32.169Z\"\ntemplate: \"post\"\ndraft: false\ncategory: \"Design Inspiration\"\ntags:\n  - \"Linotype\"\n  - \"Monotype\"\n  - \"History of typography\"\n  - \"Helvetica\"\ndescription: \"Morbi in sem quis dui placerat ornare. Pellentesque odio nisi, euismod in, pharetra a, ultricies in, diam. Sed arcu. Cras consequat.\"\ncanonical: ''\n---\n\n**Pellentesque habitant morbi tristique** senectus et netus et malesuada fames ac turpis egestas. Vestibulum tortor quam, feugiat vitae, ultricies eget, tempor sit amet, ante. Donec eu libero sit amet quam egestas semper. *Aenean ultricies mi vitae est.* Mauris placerat eleifend leo. Quisque sit amet est et sapien ullamcorper pharetra. \n\nVestibulum erat wisi, condimentum sed, commodo vitae, ornare sit amet, wisi. Aenean fermentum, elit eget tincidunt condimentum, eros ipsum rutrum orci, sagittis tempus lacus enim ac dui.  [Donec non enim](#) in turpis pulvinar facilisis.\n\n![Nulla faucibus vestibulum eros in tempus. Vestibulum tempor imperdiet velit nec dapibus](/media/image-0.jpg)\n\n## Header Level 2\n\n+ Lorem ipsum dolor sit amet, consectetuer adipiscing elit.\n+ Aliquam tincidunt mauris eu risus.\n\nDonec non enim in turpis pulvinar facilisis. Ut felis. Praesent dapibus, neque id cursus faucibus, tortor neque egestas augue, eu vulputate magna eros eu erat. Aliquam erat volutpat. \n\n<figure>\n\t<blockquote>\n\t\t<p>Lorem ipsum dolor sit amet, consectetur adipiscing elit. Vivamus magna. Cras in mi at felis aliquet congue. Ut a est eget ligula molestie gravida. Curabitur massa. Donec eleifend, libero at sagittis mollis, tellus est malesuada tellus, at luctus turpis elit sit amet quam. Vivamus pretium ornare est.</p>\n\t\t<footer>\n\t\t\t<cite>— Aliquam tincidunt mauris eu risus.</cite>\n\t\t</footer>\n\t</blockquote>\n</figure>\n\n### Header Level 3\n\n+ Lorem ipsum dolor sit amet, consectetuer adipiscing elit.\n+ Aliquam tincidunt mauris eu risus.\n\nPellentesque habitant morbi tristique senectus et netus et malesuada fames ac turpis egestas. Vestibulum tortor quam, feugiat vitae, ultricies eget, tempor sit amet, ante. Donec eu libero sit amet quam egestas semper. Aenean ultricies mi vitae est. Mauris placerat eleifend leo. Quisque sit amet est et sapien ullamcorper pharetra.\n\n```css\n#header h1 a {\n  display: block;\n  width: 300px;\n  height: 80px;\n}\n```\n\nVestibulum erat wisi, condimentum sed, commodo vitae, ornare sit amet, wisi. Aenean fermentum, elit eget tincidunt condimentum, eros ipsum rutrum orci, sagittis tempus lacus enim ac dui. Donec non enim in turpis pulvinar facilisis. Ut felis. Praesent dapibus, neque id cursus faucibus, tortor neque egestas augue, eu vulputate magna eros eu erat. Aliquam erat volutpat. Nam dui mi, tincidunt quis, accumsan porttitor, facilisis luctus, metus.",
    "status": 200
  },
  {
    "method": "GET",
    "url": "/.netlify/git/gitlab/repository/commits?path=content/posts/2016-01-12---The-Origins-of-Social-Stationery-Lettering.md&ref_name=master",
    "headers": {
      "Access-Control-Allow-Credentials": "true",
      "Access-Control-Allow-Methods": "GET, HEAD, POST, PUT, PATCH, DELETE, OPTIONS",
      "Access-Control-Allow-Origin": "http://localhost:8080",
      "Access-Control-Expose-Headers": "Link, X-Total, X-Total-Pages, X-Per-Page, X-Page, X-Next-Page, X-Prev-Page, X-Gitlab-Blob-Id, X-Gitlab-Commit-Id, X-Gitlab-Content-Sha256, X-Gitlab-Encoding, X-Gitlab-File-Name, X-Gitlab-File-Path, X-Gitlab-Last-Commit-Id, X-Gitlab-Ref, X-Gitlab-Size",
      "Access-Control-Max-Age": "7200",
      "Alt-Svc": "clear",
      "Cache-Control": "max-age=0, private, must-revalidate",
      "Cf-Cache-Status": "DYNAMIC",
      "Cf-Ray": "582c57ffb83071e9-ORD",
      "Content-Type": "application/json",
      "Expect-Ct": "max-age=604800, report-uri=\"https://report-uri.cloudflare.com/cdn-cgi/beacon/expect-ct\"",
      "Gitlab-Sv": "localhost",
      "Link": "</repository/commits?id=owner%2Frepo&order=default&page=1&path=content%2Fposts%2F2016-01-12---The-Origins-of-Social-Stationery-Lettering.md&per_page=20&ref_name=master>; rel=\"first\",</repository/commits?id=owner%2Frepo&order=default&page=1&path=content%2Fposts%2F2016-01-12---The-Origins-of-Social-Stationery-Lettering.md&per_page=20&ref_name=master>; rel=\"last\"",
      "Referrer-Policy": "strict-origin-when-cross-origin",
      "Server": "Netlify",
      "Set-Cookie": "__cfduid=d1960e512bd0ab25c817adc158341ca4b1586688179; expires=Tue, 12-May-20 10:42:59 GMT; path=/; domain=.gitlab.com; HttpOnly; SameSite=Lax; Secure",
      "Strict-Transport-Security": "max-age=31536000",
      "Via": "1.1 google",
      "X-Content-Type-Options": "nosniff",
      "X-Frame-Options": "SAMEORIGIN",
      "X-Next-Page": "",
      "X-Page": "1",
      "X-Per-Page": "20",
      "X-Prev-Page": "",
      "X-Total": "1",
      "X-Total-Pages": "1",
      "Age": "0",
      "Connection": "keep-alive",
      "Vary": "Origin,Origin",
      "content-length": "592"
    },
    "response": "[{\"id\":\"2bc3fa39d8adb9e008e52793854338399fc6e4ad\",\"short_id\":\"2bc3fa39\",\"created_at\":\"2019-07-24T10:45:32.000+03:00\",\"parent_ids\":[],\"title\":\"initial commit\",\"message\":\"initial commit\\n\",\"author_name\":\"owner\",\"author_email\":\"owner@users.noreply.github.com\",\"authored_date\":\"2019-07-24T10:45:32.000+03:00\",\"committer_name\":\"owner\",\"committer_email\":\"owner@users.noreply.github.com\",\"committed_date\":\"2019-07-24T10:45:32.000+03:00\",\"web_url\":\"https://gitlab.com/owner/repo/-/commit/2bc3fa39d8adb9e008e52793854338399fc6e4ad\"}]",
    "status": 200
  },
  {
    "method": "GET",
    "url": "/.netlify/git/gitlab/repository/commits?path=content/posts/2016-02-02---A-Brief-History-of-Typography.md&ref_name=master",
    "headers": {
      "Access-Control-Allow-Credentials": "true",
      "Access-Control-Allow-Methods": "GET, HEAD, POST, PUT, PATCH, DELETE, OPTIONS",
      "Access-Control-Allow-Origin": "http://localhost:8080",
      "Access-Control-Expose-Headers": "Link, X-Total, X-Total-Pages, X-Per-Page, X-Page, X-Next-Page, X-Prev-Page, X-Gitlab-Blob-Id, X-Gitlab-Commit-Id, X-Gitlab-Content-Sha256, X-Gitlab-Encoding, X-Gitlab-File-Name, X-Gitlab-File-Path, X-Gitlab-Last-Commit-Id, X-Gitlab-Ref, X-Gitlab-Size",
      "Access-Control-Max-Age": "7200",
      "Alt-Svc": "clear",
      "Cache-Control": "max-age=0, private, must-revalidate",
      "Cf-Cache-Status": "DYNAMIC",
      "Cf-Ray": "582c5800a86e71e9-ORD",
      "Content-Type": "application/json",
      "Expect-Ct": "max-age=604800, report-uri=\"https://report-uri.cloudflare.com/cdn-cgi/beacon/expect-ct\"",
      "Gitlab-Sv": "localhost",
      "Link": "</repository/commits?id=owner%2Frepo&order=default&page=1&path=content%2Fposts%2F2016-02-02---A-Brief-History-of-Typography.md&per_page=20&ref_name=master>; rel=\"first\",</repository/commits?id=owner%2Frepo&order=default&page=1&path=content%2Fposts%2F2016-02-02---A-Brief-History-of-Typography.md&per_page=20&ref_name=master>; rel=\"last\"",
      "Referrer-Policy": "strict-origin-when-cross-origin",
      "Server": "Netlify",
      "Set-Cookie": "__cfduid=d1960e512bd0ab25c817adc158341ca4b1586688179; expires=Tue, 12-May-20 10:42:59 GMT; path=/; domain=.gitlab.com; HttpOnly; SameSite=Lax; Secure",
      "Strict-Transport-Security": "max-age=31536000",
      "Via": "1.1 google",
      "X-Content-Type-Options": "nosniff",
      "X-Frame-Options": "SAMEORIGIN",
      "X-Next-Page": "",
      "X-Page": "1",
      "X-Per-Page": "20",
      "X-Prev-Page": "",
      "X-Total": "1",
      "X-Total-Pages": "1",
      "Age": "0",
      "Connection": "keep-alive",
      "Vary": "Origin,Origin",
      "content-length": "592"
    },
    "response": "[{\"id\":\"2bc3fa39d8adb9e008e52793854338399fc6e4ad\",\"short_id\":\"2bc3fa39\",\"created_at\":\"2019-07-24T10:45:32.000+03:00\",\"parent_ids\":[],\"title\":\"initial commit\",\"message\":\"initial commit\\n\",\"author_name\":\"owner\",\"author_email\":\"owner@users.noreply.github.com\",\"authored_date\":\"2019-07-24T10:45:32.000+03:00\",\"committer_name\":\"owner\",\"committer_email\":\"owner@users.noreply.github.com\",\"committed_date\":\"2019-07-24T10:45:32.000+03:00\",\"web_url\":\"https://gitlab.com/owner/repo/-/commit/2bc3fa39d8adb9e008e52793854338399fc6e4ad\"}]",
    "status": 200
  }
]
